Time,Layer,Type,Rejected,Uninterested,Unsure,Interested,Accepted
3,3,DiscoveredLabels,1.666665,18.666648,76.66669,2.999997,0.0
3,3,FrequencyRecall,1.25,5.6,32.857110000000006,4.5,0.0
3,3,Lift,0.09583350000000002,0.42933351999999997,2.519049,0.3449997,0.0
3,3,OracleDistribution,1.666665,18.666648,76.66669,2.999997,0.0
3,3,OracleLift,0.09583350000000002,0.42933351999999997,2.519049,0.3449997,0.0
3,3,Recall,0.357143,0.38888752,0.6199452,0.07758612,0.0
3,3,SampleDistribution,1.666665,18.666648,76.66669,2.999997,0.0
6,4,DiscoveredLabels,1.166669,14.66668,79.166656,5.00001,0.0
6,4,FrequencyRecall,0.666666,1.5238079999999998,10.652182500000002,3.500007,0.0
6,4,Lift,0.12,0.27428576,1.9173945000000001,0.63,0.0
6,4,OracleDistribution,0.666666,10.666656,81.666685,6.999993000000001,0.0
6,4,OracleLift,0.12,0.27428576,1.9173945000000001,0.63,0.0
6,4,Recall,0.5000002,0.61110992,1.2803219,0.2586204,0.0
6,4,SampleDistribution,0.666666,10.666656,81.666685,6.999993000000001,0.0
9,5,DiscoveredLabels,0.777777,13.111098,80.888908,4.999995,0.222222
9,5,FrequencyRecall,0.0,1.034484,4.4385967,0.8823525,1.0
9,5,Lift,0.0,0.37586099999999995,1.6126879,0.32058749999999997,0.363334
9,5,OracleDistribution,0.0,9.99999,84.333349,4.999995,0.666666
9,5,OracleLift,0.0,0.37586099999999995,1.6126879,0.32058749999999997,0.363334
9,5,Recall,0.5000002,0.8194430800000001,1.9622649,0.38793071999999995,0.125
9,5,SampleDistribution,0.0,9.99999,84.333349,4.999995,0.666666
12,6,DiscoveredLabels,0.5833330999999999,11.500009,81.750001,5.5833355,0.5833330999999999
12,6,FrequencyRecall,0.0,0.487804,2.36448738,0.628571,0.8333349999999998
12,6,Lift,0.0,0.308944,1.497507,0.3980946,0.52778
12,6,OracleDistribution,0.0,6.66666,84.333346,7.333328,1.666665
12,6,OracleLift,0.0,0.308944,1.497507,0.3980946,0.52778
12,6,Recall,0.5000002,0.9583322,2.6442042,0.5775859999999999,0.4375
12,6,SampleDistribution,0.0,6.66666,84.333346,7.333328,1.666665
15,7,DiscoveredLabels,0.46666690000000005,10.1333238,81.399999,7.1999968,0.7999992
15,7,FrequencyRecall,0.0,0.3255812,1.3559338399999998,0.7321422,0.714285
15,7,Lift,0.0,0.30930199999999997,1.2881369599999999,0.6955363,0.67857
15,7,OracleDistribution,0.0,4.666662,80.000006,13.666664,1.666665
15,7,OracleLift,0.0,0.30930199999999997,1.2881369599999999,0.6955363,0.67857
15,7,Recall,0.5000002,1.05555458,3.2911032000000002,0.93103492,0.75
15,7,SampleDistribution,0.0,4.666662,80.000006,13.666664,1.666665
18,6,DiscoveredLabels,0.3888892,8.9444452,71.722226,17.888897999999998,1.0555557999999998
18,6,FrequencyRecall,0.0,0.7073161,3.0186933999999996,6.7428612,2.0000020000000003
18,6,Lift,0.0,0.1379697,0.41732837000000006,3.8332996,0.768779
18,6,OracleDistribution,0.0,2.999997,23.333312,71.33335400000001,2.333331
18,6,OracleLift,0.0,0.1379697,0.41732837000000006,3.8332996,0.768779
18,6,Recall,0.5000002,1.11805464,3.4797823999999995,2.7758651,1.1875
18,6,SampleDistribution,0.0,2.999997,23.333312,71.33335400000001,2.333331
21,5,DiscoveredLabels,0.5238092,8.7618998,66.28574400000001,21.7142642,2.7142834999999996
21,5,FrequencyRecall,1.0,1.8275877,6.2105254,8.764706,20.0
21,5,Lift,0.3533332,0.2832754,0.6556294300000001,2.8162731,6.713345999999999
21,5,OracleDistribution,1.333332,7.666659000000001,33.666656,44.666658000000005,12.666654000000001
21,5,OracleLift,0.3533332,0.2832754,0.6556294300000001,2.8162731,6.713345999999999
21,5,Recall,0.7857142,1.2777770800000001,3.7520206,3.9310364,3.5625
21,5,SampleDistribution,1.333332,7.666659000000001,33.666656,44.666658000000005,12.666654000000001
24,4,DiscoveredLabels,0.6250003,9.3333365,64.70832999999999,22.916666,2.4166684999999997
24,4,FrequencyRecall,2.0000000000000004,3.4285693,17.652168000000003,19.16669,1.0
24,4,Lift,0.2833334,0.32907147999999997,1.3312624,2.7086645,0.17
24,4,OracleDistribution,1.333332,13.33332,53.666667000000004,31.333309,0.333333
24,4,OracleLift,0.2833334,0.32907147999999997,1.3312624,2.7086645,0.17
24,4,Recall,1.0714294,1.5555546,4.1859834000000005,4.7413808,3.625
24,4,SampleDistribution,1.333332,13.33332,53.666667000000004,31.333309,0.333333
27,3,DiscoveredLabels,1.2962951,13.7407283,62.333368,20.481461,2.1481465
27,3,FrequencyRecall,6.25,20.3,51.428575,6.0,0.0
27,3,Lift,0.333334,1.0377769399999999,1.8333335,0.0999999,0.0
27,3,OracleDistribution,6.66666,48.999997,43.333321000000005,0.999999,0.0
27,3,OracleLift,0.333334,1.0377769399999999,1.8333335,0.0999999,0.0
27,3,Recall,2.5000012,2.57638844,4.5363882,4.7672429,3.625
27,3,SampleDistribution,6.66666,48.999997,43.333321000000005,0.999999,0.0
30,4,DiscoveredLabels,1.2333326,14.0999965,63.500006000000006,19.200001999999998,1.9666649
30,4,FrequencyRecall,2.666666,5.9047588,27.304362,23.000012,2.0
30,4,Lift,0.1066666,0.41201005,1.87527593,0.768,0.16
30,4,OracleDistribution,0.666666,17.333323,74.000013,7.666659000000001,0.333333
30,4,OracleLift,0.1066666,0.41201005,1.87527593,0.768,0.16
30,4,Recall,2.642858,2.9374995999999998,5.1347713,4.9655183,3.6875
30,4,SampleDistribution,0.666666,17.333323,74.000013,7.666659000000001,0.333333
33,5,DiscoveredLabels,1.2121207,13.6363527,61.090944,20.393919,3.666664
33,5,FrequencyRecall,1.75,2.7586212999999997,8.1578909,14.470598,51.0
33,5,Lift,0.2574999,0.3269372,0.70969835,2.1201426,10.815019
33,5,OracleDistribution,0.999999,8.999991,36.999991,32.333315999999996,20.666647
33,5,OracleLift,0.2574999,0.3269372,0.70969835,2.1201426,10.815019
33,5,Recall,2.8571434,3.1249995999999998,5.4339624,5.8017229,7.5625
33,5,SampleDistribution,0.999999,8.999991,36.999991,32.333315999999996,20.666647
36,6,DiscoveredLabels,1.1111118,12.8611089,57.777781999999995,24.555551,3.6944464
36,6,FrequencyRecall,0.0,1.0243889,3.61682459,12.7714422,4.000005
36,6,Lift,0.0,0.1959861,0.37830667000000007,3.9610274,1.2266640000000002
36,6,OracleDistribution,0.0,4.333329,21.333313000000004,70.33335400000001,3.999997
36,6,OracleLift,0.0,0.1959861,0.37830667000000007,3.9610274,1.2266640000000002
36,6,Recall,2.8571434,3.2152776999999997,5.6064699,7.6206888,8.3125
36,6,SampleDistribution,0.0,4.333329,21.333313000000004,70.33335400000001,3.999997
39,7,DiscoveredLabels,1.0256407,12.0512718,57.179524,25.974333,3.7692289
39,7,FrequencyRecall,0.0,0.4883718,2.2033920399999998,3.0357126,2.714283
39,7,Lift,0.0,0.1540645,0.80776078,2.177383,1.9023849999999998
39,7,OracleDistribution,0.0,2.333331,50.000001000000005,42.999993,4.666662
39,7,OracleLift,0.0,0.1540645,0.80776078,2.177383,1.9023849999999998
39,7,Recall,2.8571434,3.263889,6.0107821999999995,8.7327552,9.1875
39,7,SampleDistribution,0.0,2.333331,50.000001000000005,42.999993,4.666662
42,6,DiscoveredLabels,0.9523801999999999,11.500010600000001,54.452396,27.428566,5.666664999999999
42,6,FrequencyRecall,0.0,1.341462,4.1495352,16.742873,19.166691
42,6,Lift,0.0,0.19313970000000003,0.33305510999999993,2.7467493000000003,9.452257
42,6,OracleDistribution,0.0,4.333329,18.999982,46.333325,30.333306000000004
42,6,OracleLift,0.0,0.19313970000000003,0.33305510999999993,2.7467493000000003,9.452257
42,6,Recall,2.8571434,3.3541668,6.1644217,9.9310318,14.875
42,6,SampleDistribution,0.0,4.333329,18.999982,46.333325,30.333306000000004
45,5,DiscoveredLabels,0.8888882000000001,11.1555549,54.155563,28.511113,5.2888855999999995
45,5,FrequencyRecall,1.75,3.4137932,10.7894679,22.176488,51.0
45,5,Lift,0.0,0.22296799999999997,0.9546098399999999,2.9967005999999996,0.0
45,5,OracleDistribution,0.0,6.333327000000001,50.00000300000001,43.666652000000006,0.0
45,5,OracleLift,0.0,0.22296799999999997,0.9546098399999999,2.9967005999999996,0.0
45,5,Recall,2.8571434,3.4861115000000003,6.5687334,11.060340899999998,14.875
45,5,SampleDistribution,0.0,6.333327000000001,50.00000300000001,43.666652000000006,0.0
48,4,DiscoveredLabels,0.9166659,12.208340900000001,54.562496,27.354164,4.9583368000000005
48,4,FrequencyRecall,3.9999980000000006,9.9047553,35.21739,28.000004,2.0
48,4,Lift,0.2,0.63415421,1.62709685,0.975,0.0
48,4,OracleDistribution,1.333332,27.999993000000003,60.666672,9.999991999999999,0.0
48,4,OracleLift,0.2,0.63415421,1.62709685,0.975,0.0
48,4,Recall,3.1428578,4.0694454,7.0593002,11.318963899999998,14.875
48,4,SampleDistribution,1.333332,27.999993000000003,60.666672,9.999991999999999,0.0
51,3,DiscoveredLabels,1.2352927,14.235298199999999,53.392153,26.47059,4.6666674
51,3,FrequencyRecall,11.0,34.3,66.285748,24.5,0.0
51,3,Lift,0.2927783,0.9872827100000001,1.6811117000000002,1.1333327,0.0
51,3,OracleDistribution,6.333327000000001,46.666664,34.666658000000005,12.333325,0.0
51,3,OracleLift,0.2927783,0.9872827100000001,1.6811117000000002,1.1333327,0.0
51,3,Recall,4.5,5.0416675,7.339623400000001,11.637932000000001,14.875
51,3,SampleDistribution,6.333327000000001,46.666664,34.666658000000005,12.333325,0.0
54,4,DiscoveredLabels,1.2037027,16.277788,52.074085,25.981478000000003,4.4629611
54,4,FrequencyRecall,4.666664,17.190461,39.086953,36.833332,5.0
54,4,Lift,0.0933334,1.1205688999999999,0.82817398,1.7383335,0.42
54,4,OracleDistribution,0.666666,51.000005,29.666654000000005,17.666652000000003,0.999999
54,4,OracleLift,0.0933334,1.1205688999999999,0.82817398,1.7383335,0.42
54,4,Recall,4.642856800000001,6.1041669,7.5795141,12.0948306,15.0625
54,4,SampleDistribution,0.666666,51.000005,29.666654000000005,17.666652000000003,0.999999
57,5,DiscoveredLabels,1.1578958,15.666674,53.368427000000004,25.526314000000003,4.2807002
57,5,FrequencyRecall,2.0,3.8965514999999997,14.824577999999999,25.235307,52.5
57,5,Lift,0.0808333,0.15930670000000002,1.4614631500000002,1.272606,0.969999
57,5,OracleDistribution,0.333333,4.666662,76.666678,17.33332,0.999999
57,5,OracleLift,0.0808333,0.15930670000000002,1.4614631500000002,1.272606,0.969999
57,5,Recall,4.7142852,6.2013891999999995,8.1994606,12.5431052,15.25
57,5,SampleDistribution,0.333333,4.666662,76.666678,17.33332,0.999999
60,6,DiscoveredLabels,1.1000006,15.116663,54.833329000000006,24.816669,4.1333311
60,6,FrequencyRecall,0.0,1.6829252,6.467293499999999,17.714299,19.833357
60,6,Lift,0.0,0.20553259999999998,1.4345600200000002,0.6857251000000001,0.43511179999999994
60,6,OracleDistribution,0.0,4.666662,82.66667699999999,11.333326,1.333332
60,6,OracleLift,0.0,0.20553259999999998,1.4345600200000002,0.6857251000000001,0.43511179999999994
60,6,Recall,4.7142852,6.2986113999999995,8.867924,12.836198199999998,15.5
60,6,SampleDistribution,0.0,4.666662,82.66667699999999,11.333326,1.333332
63,7,DiscoveredLabels,1.047618,14.4920491,53.158755,25.666641,5.634917799999999
63,7,FrequencyRecall,0.0,0.6279066,2.53672514,5.321428600000001,17.999982
63,7,Lift,0.0,0.1297674,0.31674485,2.1912171000000003,14.667416000000001
63,7,OracleDistribution,0.0,1.999998,19.666647,42.666653000000004,35.666642
63,7,OracleLift,0.0,0.1297674,0.31674485,2.1912171000000003,14.667416000000001
63,7,Recall,4.7142852,6.340278100000001,9.026952999999999,13.939654,22.1875
63,7,SampleDistribution,0.0,1.999998,19.666647,42.666653000000004,35.666642
66,6,DiscoveredLabels,0.999999,14.151525099999999,52.969702,26.272727,5.6060592
66,6,FrequencyRecall,0.0,2.1951204,7.8411231,21.057138,22.333349
66,6,Lift,0.0,0.3023366,0.8562694399999999,2.3637249,1.8083369999999999
66,6,OracleDistribution,0.0,6.999993000000001,48.999997,38.999991,4.999995
66,6,OracleLift,0.0,0.3023366,0.8562694399999999,2.3637249,1.8083369999999999
66,6,Recall,4.7142852,6.4861111000000005,9.4231791,14.948276,23.125
66,6,SampleDistribution,0.0,6.999993000000001,48.999997,38.999991,4.999995
69,5,DiscoveredLabels,0.9710160000000001,13.7681205,53.231885000000005,26.637692,5.391306500000001
69,5,FrequencyRecall,2.25,4.4482752,17.929829,31.352948,53.5
69,5,Lift,0.0783333,0.1800833,1.1411783199999999,2.5474384,0.6266660000000001
69,5,OracleDistribution,0.333333,5.333328,59.000005,34.666653000000004,0.666666
69,5,OracleLift,0.0783333,0.1800833,1.1411783199999999,2.5474384,0.6266660000000001
69,5,Recall,4.7857138,6.5972221,9.9002727,15.844827,23.25
69,5,SampleDistribution,0.333333,5.333328,59.000005,34.666653000000004,0.666666
72,4,DiscoveredLabels,1.0138897,14.5972342,51.902781,27.277784,5.2083352000000005
72,4,FrequencyRecall,6.666662,21.9999782,41.869566999999996,57.833342,8.0
72,4,Lift,0.2599998,0.75133888,0.58592827,4.2271663,0.39
72,4,OracleDistribution,1.999998,33.666655,21.33332,41.999997,0.999999
72,4,OracleLift,0.2599998,0.75133888,0.58592827,4.2271663,0.39
72,4,Recall,5.214285,7.2986104,10.0727797,16.931037,23.4375
72,4,SampleDistribution,1.999998,33.666655,21.33332,41.999997,0.999999
75,3,DiscoveredLabels,1.439999,14.706663,50.773333,28.080001000000003,4.9999998
75,3,FrequencyRecall,19.75,39.5,76.428595,95.5,0.0
75,3,Lift,0.43944550000000004,0.36816679999999996,1.3611116,4.1300025,0.0
75,3,OracleDistribution,11.666657,17.33332,23.666656000000003,47.333335000000005,0.0
75,3,OracleLift,0.43944550000000004,0.36816679999999996,1.3611116,4.1300025,0.0
75,3,Recall,7.7142859999999995,7.659721899999999,10.2641537,18.155188,23.4375
75,3,SampleDistribution,11.666657,17.33332,23.666656000000003,47.333335000000005,0.0
78,4,DiscoveredLabels,1.4358959999999998,14.935910999999999,49.935899,28.871793000000004,4.8205119000000005
78,4,FrequencyRecall,7.999995999999999,24.9523562,45.652176,82.166652,9.0
78,4,Lift,0.2,0.45008943,0.7796719799999999,7.176,0.12
78,4,OracleDistribution,1.333332,20.666653,28.999990000000004,48.666663,0.333333
78,4,OracleLift,0.2,0.45008943,0.7796719799999999,7.176,0.12
78,4,Recall,7.9999996,8.0902792,10.4986565,19.413803,23.5
78,4,SampleDistribution,1.333332,20.666653,28.999990000000004,48.666663,0.333333
81,5,DiscoveredLabels,1.3827178,14.679006199999998,49.691361,29.580246,4.6666646
81,5,FrequencyRecall,2.25,5.275861,20.210507,39.823530999999996,54.5
81,5,Lift,0.0,0.2623677,0.8409136599999999,3.7383546,0.606666
81,5,OracleDistribution,0.0,7.999992,43.333325,48.000001000000005,0.666666
81,5,OracleLift,0.0,0.2623677,0.8409136599999999,3.7383546,0.606666
81,5,Recall,7.9999996,8.2569479,10.8490662,20.655186,23.625
81,5,SampleDistribution,0.0,7.999992,43.333325,48.000001000000005,0.666666
84,6,DiscoveredLabels,1.3333346,14.2976133,50.916668,28.833341,4.619047699999999
84,6,FrequencyRecall,0.0,2.487803,10.1962738,21.799991,24.000011
84,6,Lift,0.0,0.17284399999999997,1.4651956000000002,0.5381787,1.204002
84,6,OracleDistribution,0.0,3.999996,84.000016,8.666658,3.33333
84,6,OracleLift,0.0,0.17284399999999997,1.4651956000000002,0.5381787,1.204002
84,6,Recall,7.9999996,8.3402803,11.5283005,20.879324,24.25
84,6,SampleDistribution,0.0,3.999996,84.000016,8.666658,3.33333
87,7,DiscoveredLabels,1.2873586000000001,13.839087999999999,49.977008999999995,29.540241,5.3563217
87,7,FrequencyRecall,0.0,0.6976739999999999,2.9378537999999996,7.9642877,29.142827999999998
87,7,Lift,0.0,0.0646954,0.37838782000000004,2.5677616999999997,12.183409
87,7,OracleDistribution,0.0,0.999999,23.666651,49.333329000000006,25.999976999999998
87,7,OracleLift,0.0,0.0646954,0.37838782000000004,2.5677616999999997,12.183409
87,7,Recall,7.9999996,8.3611143,11.719676999999999,22.155182,29.125
87,7,SampleDistribution,0.0,0.999999,23.666651,49.333329000000006,25.999976999999998
90,6,DiscoveredLabels,1.2444432,13.477768699999999,51.155547999999996,28.855564,5.266666
90,6,FrequencyRecall,0.0,2.7073149,12.5887788,22.571414,25.333341
90,6,Lift,0.0,0.12617409999999998,1.5004558600000002,0.5478329,0.9576680000000001
90,6,OracleDistribution,0.0,2.999997,85.33334699999999,8.999992,2.666664
90,6,OracleLift,0.0,0.12617409999999998,1.5004558600000002,0.5478329,0.9576680000000001
90,6,Recall,7.9999996,8.4236149,12.4097,22.387943,29.625
90,6,SampleDistribution,0.0,2.999997,85.33334699999999,8.999992,2.666664
93,5,DiscoveredLabels,1.2150551,13.322591,50.870957,29.494629,5.0967752
93,5,FrequencyRecall,2.5,6.172411500000001,22.438578000000003,48.411763,54.5
93,5,Lift,0.0733333,0.2780599,0.81674055,4.180091,0.0
93,5,OracleDistribution,0.333333,8.666658,42.333327,48.666666000000006,0.0
93,5,OracleLift,0.0733333,0.2780599,0.81674055,4.180091,0.0
93,5,Recall,8.0714282,8.6041702,12.752019,23.646552999999997,29.625
93,5,SampleDistribution,0.333333,8.666658,42.333327,48.666666000000006,0.0
96,4,DiscoveredLabels,1.2187505,13.781246,50.760420999999994,29.302080999999998,4.9375011
96,4,FrequencyRecall,9.333328,28.952352,51.826081,93.833321,9.0
96,4,Lift,0.14666679999999999,0.57393478,1.2300257399999999,5.8849999,0.0
96,4,OracleDistribution,1.333332,27.999988000000002,47.333337,23.333318,0.0
96,4,OracleLift,0.14666679999999999,0.57393478,1.2300257399999999,5.8849999,0.0
96,4,Recall,8.357141799999999,9.1875025,13.134764,24.250000999999997,29.625
96,4,SampleDistribution,1.333332,27.999988000000002,47.333337,23.333318,0.0
99,3,DiscoveredLabels,1.8585839999999998,14.585844,50.262634,28.505022,4.7878786
99,3,FrequencyRecall,36.5,51.6,91.142866,100.0,0.0
99,3,Lift,0.71805479,0.70836514,2.2122219,0.33000029999999997,0.0
99,3,OracleDistribution,22.333322000000003,40.333329000000006,34.33332,2.999997,0.0
99,3,OracleLift,0.71805479,0.70836514,2.2122219,0.33000029999999997,0.0
99,3,Recall,13.1428586,10.0277884,13.412393999999999,24.327586999999998,29.625
99,3,SampleDistribution,22.333322000000003,40.333329000000006,34.33332,2.999997,0.0
102,4,DiscoveredLabels,1.8235287199999999,14.7059,50.813734000000004,27.950996,4.7058829
102,4,FrequencyRecall,9.999994000000001,31.619016000000002,60.826093,98.666664,15.0
102,4,Lift,0.0666666,0.36627718000000004,1.86141809,2.9,0.6
102,4,OracleDistribution,0.666666,18.666653,69.000011,9.666657,1.999998
102,4,OracleLift,0.0666666,0.36627718000000004,1.86141809,2.9,0.6
102,4,Recall,13.2857166,10.416677700000001,13.970350000000002,24.577588000000002,30.0
102,4,SampleDistribution,0.666666,18.666653,69.000011,9.666657,1.999998
105,5,DiscoveredLabels,1.77142716,14.552385,50.628574,28.409524,4.6380932999999995
105,5,FrequencyRecall,2.5,7.137926200000001,24.771929999999998,56.176469,58.0
105,5,Lift,0.0,0.2842112,0.84864198,4.2299687,1.983331
105,5,OracleDistribution,0.0,9.333324,44.333326,43.999993,2.333331
105,5,OracleLift,0.0,0.2842112,0.84864198,4.2299687,1.983331
105,5,Recall,13.2857166,10.6111236,14.328837,25.715512,30.4375
105,5,SampleDistribution,0.0,9.333324,44.333326,43.999993,2.333331
108,6,DiscoveredLabels,1.72222206,14.166664,51.583341,27.972229,4.5555547
108,6,FrequencyRecall,0.0,2.7560953,14.971978,23.657127,26.166673
108,6,Lift,0.0,0.0269918,1.5092225199999998,0.778568,0.6086670000000001
108,6,OracleDistribution,0.0,0.666666,85.000013,12.666654000000001,1.666665
108,6,OracleLift,0.0,0.0269918,1.5092225199999998,0.778568,0.6086670000000001
108,6,Recall,13.2857166,10.6250116,15.016167000000001,26.043098,30.75
108,6,SampleDistribution,0.0,0.666666,85.000013,12.666654000000001,1.666665
111,7,DiscoveredLabels,1.6756743600000001,13.8378243,51.711735,28.054026,4.7207202
111,7,FrequencyRecall,0.0,0.8372088,3.8926542,9.6250032,33.714257
111,7,Lift,0.0,0.1274807,0.8949955800000001,1.6404640000000001,5.687504000000001
111,7,OracleDistribution,0.0,1.999998,56.333337,30.999983999999998,10.666656
111,7,OracleLift,0.0,0.1274807,0.8949955800000001,1.6404640000000001,5.687504000000001
111,7,Recall,13.2857166,10.666675600000001,15.471701000000001,26.844825999999998,32.75
111,7,SampleDistribution,0.0,1.999998,56.333337,30.999983999999998,10.666656
114,6,DiscoveredLabels,1.63158058,13.5701846,51.956154999999995,28.122827,4.7192969
114,6,FrequencyRecall,0.0,3.0243881,16.682248,26.285708,28.500005
114,6,Lift,0.0,0.1519433,1.0919362700000002,1.8590113,1.802055
114,6,OracleDistribution,0.0,3.6666630000000002,61.000006000000006,30.666649000000003,4.666663000000001
114,6,OracleLift,0.0,0.1519433,1.0919362700000002,1.8590113,1.802055
114,6,Recall,13.2857166,10.743064400000002,15.964958,27.637922,33.625
114,6,SampleDistribution,0.0,3.6666630000000002,61.000006000000006,30.666649000000003,4.666663000000001
117,5,DiscoveredLabels,1.62393038,13.4529783,52.188063,28.136724,4.5982902999999995
117,5,FrequencyRecall,3.5,8.0689599,27.982464,61.235290000000006,58.0
117,5,Lift,0.2733332,0.2758989,1.16510951,3.1035271,0.0
117,5,OracleDistribution,1.333332,8.999991,61.000011,28.666651,0.0
117,5,OracleLift,0.2733332,0.2758989,1.16510951,3.1035271,0.0
117,5,Recall,13.571431800000001,10.9305582,16.458215,28.379299999999997,33.625
117,5,SampleDistribution,1.333332,8.999991,61.000011,28.666651,0.0
120,4,DiscoveredLabels,1.5833342400000001,13.6416647,52.725002,27.500007,4.5499986
120,4,FrequencyRecall,9.999994000000001,34.619013,70.43477,100.0,23.0
120,4,Lift,0.0,0.39036672000000006,2.2108474,0.72,0.72
120,4,OracleDistribution,0.0,20.999986,73.666682,2.666664,2.666664
120,4,OracleLift,0.0,0.39036672000000006,2.2108474,0.72,0.72
120,4,Recall,13.571431800000001,11.3680581,17.053904,28.448268000000002,34.125
120,4,SampleDistribution,0.0,20.999986,73.666682,2.666664,2.666664
123,3,DiscoveredLabels,2.0406501,14.82114,51.869902999999994,26.829292,4.4390241
123,3,FrequencyRecall,51.75,70.2,98.714287,100.0,0.0
123,3,Lift,0.6022219400000001,1.01682548,1.3066683000000001,0.0,0.0
123,3,OracleDistribution,20.333322,62.000006000000006,17.666653,0.0,0.0
123,3,OracleLift,0.6022219400000001,1.01682548,1.3066683000000001,0.0,0.0
123,3,Recall,17.928573,12.6597182,17.196768,28.448268000000002,34.125
123,3,SampleDistribution,20.333322,62.000006000000006,17.666653,0.0,0.0
126,4,DiscoveredLabels,2.02380765,15.452390000000001,51.880973999999995,26.190475000000003,4.4523794
126,4,FrequencyRecall,11.333328000000002,40.523769,77.260867,100.0,38.0
126,4,Lift,0.1333334,0.7094331199999999,1.8084443,0.0,1.2
126,4,OracleDistribution,1.333332,41.333325,52.333336,0.0,4.999995
126,4,OracleLift,0.1333334,0.7094331199999999,1.8084443,0.0,1.2
126,4,Recall,18.214285,13.520826999999999,17.619946,28.448268000000002,35.0625
126,4,SampleDistribution,1.333332,41.333325,52.333336,0.0,4.999995
129,5,DiscoveredLabels,1.9767453000000001,15.248083,52.170559999999995,26.085279999999997,4.5193811
129,5,FrequencyRecall,3.5,8.758614099999999,31.368409999999997,65.058816,69.0
129,5,Lift,0.0,0.19716228000000002,1.23760856,2.6108759,5.793326
129,5,OracleDistribution,0.0,6.66666,64.33334,21.666648,7.3333260000000005
129,5,OracleLift,0.0,0.19716228000000002,1.23760856,2.6108759,5.793326
129,5,Recall,18.214285,13.659713,18.14016,29.008615,36.4375
129,5,SampleDistribution,0.0,6.66666,64.33334,21.666648,7.3333260000000005
132,6,DiscoveredLabels,1.9393936999999999,14.977271,51.984854999999996,26.356068,4.742424
132,6,FrequencyRecall,1.0,3.2682905,17.915889,29.542858000000003,35.666654
132,6,Lift,0.5333330000000001,0.132716,0.78897942,2.372254,5.013342
132,6,OracleDistribution,0.333333,3.33333,43.999993,37.999995000000006,14.333319000000001
132,6,OracleLift,0.5333330000000001,0.132716,0.78897942,2.372254,5.013342
132,6,Recall,18.285713,13.729161,18.495953,29.991368,39.125
132,6,SampleDistribution,0.333333,3.33333,43.999993,37.999995000000006,14.333319000000001
135,7,DiscoveredLabels,1.8962945500000001,14.674078999999999,51.355568000000005,27.007402,5.0666662
135,7,FrequencyRecall,0.0,0.9302320000000001,4.2937848,12.6071395,41.999976
135,7,Lift,0.0,0.0847418,0.37513101,2.9698138999999997,11.055
135,7,OracleDistribution,0.0,1.333332,23.666651,55.666668,19.333316
135,7,OracleLift,0.0,0.0847418,0.37513101,2.9698138999999997,11.055
135,7,Recall,18.285713,13.756937,18.687325,31.431026000000003,42.75
135,7,SampleDistribution,0.0,1.333332,23.666651,55.666668,19.333316
138,6,DiscoveredLabels,1.8695662,14.420305,51.36957,27.159419,5.1811601000000005
138,6,FrequencyRecall,3.0,3.487803,19.373825,32.457145999999995,40.83332
138,6,Lift,1.046666,0.1171115,0.92921961,2.1661836,3.942442
138,6,OracleDistribution,0.666666,2.999997,51.999997,33.999987000000004,10.333324
138,6,OracleLift,1.046666,0.1171115,0.92921961,2.1661836,3.942442
138,6,Recall,18.428569,13.819437,19.107810999999998,32.310336,44.6875
138,6,SampleDistribution,0.666666,2.999997,51.999997,33.999987000000004,10.333324
141,5,DiscoveredLabels,1.843972,14.581563,51.63119400000001,26.872351,5.0709230000000005
141,5,FrequencyRecall,4.0,11.034473,34.719279,67.47058200000001,69.0
141,5,Lift,0.1266666,0.63351976,1.23291541,1.6183179,0.0
141,5,OracleDistribution,0.666666,21.999983999999998,63.666678000000005,13.666656,0.0
141,5,OracleLift,0.1266666,0.63351976,1.23291541,1.6183179,0.0
141,5,Recall,18.571427,14.277771,19.62263,32.663787,44.6875
141,5,SampleDistribution,0.666666,21.999983999999998,63.666678000000005,13.666656,0.0
144,4,DiscoveredLabels,1.833333,15.499999,51.090281999999995,26.312499,5.2638895
144,4,FrequencyRecall,12.66666,48.904755,80.608697,100.0,81.0
144,4,Lift,0.0933332,0.9852183000000001,1.0108337,0.0,3.01
144,4,OracleDistribution,1.333332,58.666678000000005,25.666654000000005,0.0,14.333319000000001
144,4,OracleLift,0.0933332,0.9852183000000001,1.0108337,0.0,3.01
144,4,Recall,18.857142,15.499999,19.830189,32.663787,47.375
144,4,SampleDistribution,1.333332,58.666678000000005,25.666654000000005,0.0,14.333319000000001
147,3,DiscoveredLabels,2.5651869,16.383098,50.115553,25.779238,5.1569274
147,3,FrequencyRecall,80.0,87.8,100.0,100.0,0.0
147,3,Lift,0.96388929,0.98944403,0.1500003,0.0,0.0
147,3,OracleDistribution,37.666652000000006,59.333343000000006,2.999997,0.0,0.0
147,3,OracleLift,0.96388929,0.98944403,0.1500003,0.0,0.0
147,3,Recall,26.928573999999998,16.722229,19.854447,32.663787,47.375
147,3,SampleDistribution,37.666652000000006,59.333343000000006,2.999997,0.0,0.0
150,4,DiscoveredLabels,2.5405375,16.942148,50.073194,25.263575,5.180538
150,4,FrequencyRecall,13.999993,55.238119,86.869552,100.0,100.0
150,4,Lift,0.09,0.7445691999999999,1.9769999999999999,0.0,1.14
150,4,OracleDistribution,1.333332,44.333328,48.0,0.0,6.333327000000001
150,4,OracleLift,0.09,0.7445691999999999,1.9769999999999999,0.0,1.14
150,4,Recall,27.214288,17.64583,20.242582,32.663787,48.5625
150,4,SampleDistribution,1.333332,44.333328,48.0,0.0,6.333327000000001
153,5,DiscoveredLabels,2.5037819999999997,16.969407999999998,49.960698,25.081871999999997,5.4842623
153,5,FrequencyRecall,4.5,12.931031599999999,37.052629,70.294112,100.0
153,5,Lift,0.1216666,0.5156796,0.86988438,1.9599928,15.086646
153,5,OracleDistribution,0.666666,18.333319000000003,44.333336,15.999995000000002,20.666646
153,5,OracleLift,0.1216666,0.5156796,0.86988438,1.9599928,15.086646
153,5,Recall,27.357143999999998,18.027782,20.601073999999997,33.077582,52.4375
153,5,SampleDistribution,0.666666,18.333319000000003,44.333336,15.999995000000002,20.666646
156,6,DiscoveredLabels,2.455625,16.719926,49.871666000000005,25.465014999999998,5.4877615
156,6,FrequencyRecall,3.0,3.7804855,20.644849,36.314293,43.666655
156,6,Lift,0.0,0.1556934,0.8098974800000001,2.9346134999999998,2.113219
156,6,OracleDistribution,0.0,3.999996,45.333331,45.000002,5.666663
156,6,OracleLift,0.0,0.1556934,0.8098974800000001,2.9346134999999998,2.113219
156,6,Recall,27.357143999999998,18.111116,20.967653999999996,34.241378,53.5
156,6,SampleDistribution,0.0,3.999996,45.333331,45.000002,5.666663
159,7,DiscoveredLabels,2.4092797,16.435872,49.389776000000005,26.053737,5.7113311
159,7,FrequencyRecall,0.0,1.046511,4.7062143,15.642843399999999,49.428557
159,7,Lift,0.0,0.1060005,0.38350035,3.0936841,11.169502999999999
159,7,OracleDistribution,0.0,1.666665,24.333315000000002,56.666672000000005,17.333318000000002
159,7,OracleLift,0.0,0.1060005,0.38350035,3.0936841,11.169502999999999
159,7,Recall,27.357143999999998,18.145837,21.164418,35.706897,56.75
159,7,SampleDistribution,0.0,1.666665,24.333315000000002,56.666672000000005,17.333318000000002
162,6,DiscoveredLabels,2.3646586,16.180856,49.475111,26.256534000000002,5.722835300000001
162,6,FrequencyRecall,3.0,3.9756076,22.158870999999998,39.485709,46.833321999999995
162,6,Lift,0.0,0.10232949999999999,0.95726055,2.48373,3.288448
162,6,OracleDistribution,0.0,2.666664,53.99999900000001,36.999994,6.333329
162,6,OracleLift,0.0,0.10232949999999999,0.95726055,2.48373,3.288448
162,6,Recall,27.357143999999998,18.201391,21.601083,36.663785,57.9375
162,6,SampleDistribution,0.0,2.666664,53.99999900000001,36.999994,6.333329
165,5,DiscoveredLabels,2.327714,16.353289,49.593793,26.106427,5.618773099999999
165,5,FrequencyRecall,4.75,15.58621,40.000007000000004,73.47057000000001,100.0
165,5,Lift,0.058333300000000005,0.7062573600000001,1.08827504,2.4183334,0.0
165,5,OracleDistribution,0.333333,25.666652000000003,56.00000300000001,17.999989,0.0
165,5,OracleLift,0.058333300000000005,0.7062573600000001,1.08827504,2.4183334,0.0
165,5,Recall,27.428573,18.736106,22.053910000000002,37.129308,57.9375
165,5,SampleDistribution,0.333333,25.666652000000003,56.00000300000001,17.999989,0.0
168,4,DiscoveredLabels,2.3694729999999997,16.751774,49.720136000000004,25.640183,5.5184253000000005
168,4,FrequencyRecall,18.666656,60.761942,94.26087,100.0,100.0
168,4,Lift,0.24166710000000002,0.60780726,2.9558328,0.0,0.0
168,4,OracleDistribution,4.666662,38.666655,56.666677,0.0,0.0
168,4,OracleLift,0.24166710000000002,0.60780726,2.9558328,0.0,0.0
168,4,Recall,28.428571,19.541662000000002,22.512141,37.129308,57.9375
168,4,SampleDistribution,4.666662,38.666655,56.666677,0.0,0.0
171,3,DiscoveredLabels,2.6382817204301072,17.264301075268815,49.24282258064517,25.376160215053762,5.478443870967742
171,3,FrequencyRecall,94.89247311827957,97.84946236559139,100.0,100.0,0.0
171,3,Lift,0.6881720430107527,1.021505376344086,0.0,0.0,0.0
171,3,OracleDistribution,36.55913978494624,63.44086021505376,0.0,0.0,0.0
171,3,OracleLift,0.6881720430107527,1.021505376344086,0.0,0.0,0.0
171,3,Recall,31.95083440860215,20.33302795698925,22.508198924731182,37.09676989247312,58.064516129032256
171,3,SampleDistribution,36.55913978494624,63.44086021505376,0.0,0.0,0.0
171,4,DiscoveredLabels,3.0969599999999997,16.399842857142858,49.70662857142857,25.52557142857143,5.271018571428571
171,4,FrequencyRecall,61.90478571428572,65.98642857142858,96.8944,100.0,100.0
171,4,Lift,0.0,0.8253967142857144,2.3809514285714286,0.0,0.0
171,4,OracleDistribution,0.0,61.904771428571436,38.09522857142857,0.0,0.0
171,4,OracleLift,0.0,0.8253967142857144,2.3809514285714286,0.0,0.0
171,4,Recall,37.755100000000006,19.444457142857143,22.872542857142857,37.5616,56.25
171,4,SampleDistribution,0.0,61.904771428571436,38.09522857142857,0.0,0.0
174,4,DiscoveredLabels,2.762200430107527,17.859144086021505,49.04115483870968,24.950822580645163,5.3866834408602156
174,4,FrequencyRecall,25.089587096774192,68.30520322580647,99.11173548387097,100.0,100.0
174,4,Lift,0.41576978494623656,0.7639111935483871,2.8996417204301075,0.0,0.0
174,4,OracleDistribution,9.677409677419355,53.94265376344086,36.37992043010753,0.0,0.0
174,4,OracleLift,0.41576978494623656,0.7639111935483871,2.8996417204301075,0.0,0.0
174,4,Recall,34.024569892473124,21.393375268817206,22.798020430107528,37.09676989247312,58.064516129032256
174,4,SampleDistribution,9.677409677419355,53.94265376344086,36.37992043010753,0.0,0.0
174,5,DiscoveredLabels,3.04346,16.5281,49.83531428571428,25.413142857142855,5.180007142857143
174,5,FrequencyRecall,7.142857142857143,14.285714285714286,43.107771428571425,82.35292857142858,100.0
174,5,Lift,0.0,0.6286872857142857,1.1210151428571429,3.562697142857143,0.0
174,5,OracleDistribution,0.0,23.809500000000003,57.14287142857143,19.0476,0.0
174,5,OracleLift,0.0,0.6286872857142857,1.1210151428571429,3.562697142857143,0.0
174,5,Recall,37.755100000000006,19.94047142857143,23.334614285714284,38.054185714285715,56.25
174,5,SampleDistribution,0.0,23.809500000000003,57.14287142857143,19.0476,0.0
177,5,DiscoveredLabels,2.7395472043010756,17.872473118279572,49.2139376344086,24.879451612903225,5.294584408602151
177,5,FrequencyRecall,5.645161290322581,17.797564516129032,43.105063440860214,76.72358279569893,100.0
177,5,Lift,0.24014322580645162,0.5036358064516129,1.152556247311828,2.9125966666666665,0.0
177,5,OracleDistribution,1.4336903225806452,18.637980645161292,59.139790322580644,20.78852043010753,0.0
177,5,OracleLift,0.24014322580645162,0.5036358064516129,1.152556247311828,2.9125966666666665,0.0
177,5,Recall,34.33178709677419,21.78165806451613,23.276239784946238,37.63441182795699,58.064516129032256
177,5,SampleDistribution,1.4336903225806452,18.637980645161292,59.139790322580644,20.78852043010753,0.0
177,6,DiscoveredLabels,2.9917828571428573,16.409885714285714,50.040371428571426,25.465914285714288,5.09208
177,6,FrequencyRecall,0.0,4.529617142857143,23.765042857142856,42.857128571428575,45.23807142857142
177,6,Lift,0.0,0.35238,1.0967925714285713,1.9830971428571427,0.0
177,6,OracleDistribution,0.0,9.5238,61.904771428571436,28.571428571428573,0.0
177,6,OracleLift,0.0,0.35238,1.0967925714285713,1.9830971428571427,0.0
177,6,Recall,37.755100000000006,20.13887142857143,23.835214285714283,38.79311428571429,56.25
177,6,SampleDistribution,0.0,9.5238,61.904771428571436,28.571428571428573,0.0
180,6,DiscoveredLabels,2.693492688172043,17.59610752688172,49.26048817204301,25.19609032258065,5.253807311827957
180,6,FrequencyRecall,3.225806451612903,4.091264623655914,23.625764516129035,43.164352688172045,48.387087096774195
180,6,Lift,0.0,0.05338655913978495,0.9219701720430108,3.0362403225806447,2.1660677419354837
180,6,OracleDistribution,0.0,1.4336903225806452,51.97132688172044,43.72759462365592,2.8673806451612904
180,6,OracleLift,0.0,0.05338655913978495,0.9219701720430108,3.0362403225806447,2.1660677419354837
180,6,Recall,34.33178709677419,21.811525806451613,23.696495698924732,38.765288172043014,58.60215053763441
180,6,SampleDistribution,0.0,1.4336903225806452,51.97132688172044,43.72759462365592,2.8673806451612904
180,7,DiscoveredLabels,2.9418314285714287,16.135957142857144,49.523385714285716,26.391771428571428,5.007091428571428
180,7,FrequencyRecall,0.0,1.3289028571428572,5.488297142857143,18.62242857142857,46.93875714285714
180,7,Lift,0.0,0.0,0.29848114285714283,4.450995714285714,0.0
180,7,OracleDistribution,0.0,0.0,19.0476,80.9524,0.0
180,7,OracleLift,0.0,0.0,0.29848114285714283,4.450995714285714,0.0
180,7,Recall,37.755100000000006,20.13887142857143,23.989228571428573,40.886700000000005,56.25
180,7,SampleDistribution,0.0,0.0,19.0476,80.9524,0.0
183,6,DiscoveredLabels,2.8935142857142857,15.870999999999999,49.72588571428572,26.58467142857143,4.924892857142857
183,6,FrequencyRecall,0.0,4.529617142857143,25.500671428571426,46.12245714285715,45.23807142857142
183,6,Lift,0.0,0.0,1.101986,2.8527585714285713,0.0
183,6,OracleDistribution,0.0,0.0,61.904771428571436,38.09522857142857,0.0
183,6,OracleLift,0.0,0.0,1.101986,2.8527585714285713,0.0
183,6,Recall,37.755100000000006,20.13887142857143,24.4898,41.871942857142855,56.25
183,6,SampleDistribution,0.0,0.0,61.904771428571436,38.09522857142857,0.0
183,7,DiscoveredLabels,2.6489541935483873,17.352536559139786,48.91982580645162,25.739903225806454,5.338778064516129
183,7,FrequencyRecall,0.0,1.2253055913978494,5.157645698924731,18.855612903225808,54.07065591397849
183,7,Lift,0.0,0.17813978494623656,0.44884791397849466,3.258895053763441,8.468813978494623
183,7,OracleDistribution,0.0,2.8673806451612904,28.673824731182798,58.06452365591399,10.394256989247312
183,7,OracleLift,0.0,0.17813978494623656,0.44884791397849466,3.258895053763441,8.468813978494623
183,7,Recall,34.33178709677419,21.871263440860215,23.928351612903224,40.26696559139785,60.55107526881721
183,7,SampleDistribution,0.0,2.8673806451612904,28.673824731182798,58.06452365591399,10.394256989247312
186,5,DiscoveredLabels,2.846761428571429,16.076314285714286,49.922757142857144,26.308785714285712,4.845352857142857
186,5,FrequencyRecall,7.142857142857143,17.241385714285713,46.36588571428571,84.0335857142857,100.0
186,5,Lift,0.0,0.7577082857142857,1.2240364285714285,3.0476285714285716,0.0
186,5,OracleDistribution,0.0,28.57141428571429,61.90478571428572,9.5238,0.0
186,5,OracleLift,0.0,0.7577082857142857,1.2240364285714285,3.0476285714285716,0.0
186,5,Recall,37.755100000000006,20.734128571428574,24.990357142857142,42.11825714285714,56.25
186,5,SampleDistribution,0.0,28.57141428571429,61.90478571428572,9.5238,0.0
186,6,DiscoveredLabels,2.605868709677419,17.134492473118282,49.02186559139785,25.933439784946238,5.304326774193548
186,6,FrequencyRecall,3.225806451612903,4.379751075268817,25.17334516129032,46.39016451612904,49.999993548387096
186,6,Lift,0.0,0.14604118279569892,0.9766552258064516,2.736385806451613,1.429209677419355
186,6,OracleDistribution,0.0,3.942648387096775,55.19713010752688,37.63439677419355,3.2258032258064517
186,6,OracleLift,0.0,0.14604118279569892,0.9766552258064516,2.736385806451613,1.429209677419355
186,6,Recall,34.33178709677419,21.953398924731182,24.374687096774192,41.24026666666666,61.155913978494624
186,6,SampleDistribution,0.0,3.942648387096775,55.19713010752688,37.63439677419355,3.2258032258064517
189,4,DiscoveredLabels,2.835531666666667,16.65288333333333,50.128083333333336,25.779133333333334,4.604378333333333
189,4,FrequencyRecall,66.6667,73.80955,100.0,100.0,100.0
189,4,Lift,0.0,0.8720238333333333,1.5,0.0,0.0
189,4,OracleDistribution,0.0,72.22221666666667,27.777783333333335,0.0,0.0
189,4,OracleLift,0.0,0.8720238333333333,1.5,0.0,0.0
189,4,Recall,38.09523333333333,21.759249999999998,25.42675,41.81038333333333,54.166666666666664
189,4,SampleDistribution,0.0,72.22221666666667,27.777783333333335,0.0,0.0
189,5,DiscoveredLabels,2.5650296808510635,17.14493191489362,49.285976595744685,25.778225531914895,5.225830744680851
189,5,FrequencyRecall,5.585106382978723,19.69920319148936,46.64051595744681,79.4743255319149,100.0
189,5,Lift,0.0,0.480703085106383,1.3122644574468085,2.2921986170212767,0.0
189,5,OracleDistribution,0.0,18.085094680851064,66.66667659574469,15.248212765957447,0.0
189,5,OracleLift,0.0,0.480703085106383,1.3122644574468085,2.2921986170212767,0.0
189,5,Recall,34.346494680851066,22.325644680851063,24.906812765957447,41.66360744680851,61.236702127659576
189,5,SampleDistribution,0.0,18.085094680851064,66.66667659574469,15.248212765957447,0.0
192,4,DiscoveredLabels,2.7473764383561643,17.80362602739726,48.90432876712329,25.389141095890412,5.155508904109589
192,4,FrequencyRecall,40.182630136986305,74.75540684931507,100.0,100.0,100.0
192,4,Lift,1.023972602739726,0.7838540136986301,0.6986301369863014,0.0,0.0
192,4,OracleDistribution,31.735154794520547,58.67579863013699,9.589039726027398,0.0,0.0
192,4,OracleLift,1.023972602739726,0.7838540136986301,0.6986301369863014,0.0,0.0
192,4,Recall,37.18199315068493,23.43036712328767,24.9787698630137,41.47378219178082,61.044520547945204
192,4,SampleDistribution,31.735154794520547,58.67579863013699,9.589039726027398,0.0,0.0
192,5,DiscoveredLabels,2.7705915384615385,16.41665,49.89076153846153,25.885303846153842,5.0366969230769225
192,5,FrequencyRecall,6.730769230769231,19.893915384615386,50.40486153846154,83.71039230769232,100.0
192,5,Lift,0.1955126923076923,0.5258910769230769,1.3391348076923077,1.9420942307692308,0.0
192,5,OracleDistribution,1.2820500000000001,20.512800000000002,66.66668076923078,11.538450000000001,0.0
192,5,OracleLift,0.1955126923076923,0.5258910769230769,1.3391348076923077,1.9420942307692308,0.0
192,5,Recall,37.63736153846154,21.688049999999997,25.575365384615388,42.44031538461539,59.85576923076923
192,5,SampleDistribution,1.2820500000000001,20.512800000000002,66.66668076923078,11.538450000000001,0.0
192,6,DiscoveredLabels,2.60417,16.1458,48.4375,27.0833,5.72917
192,6,FrequencyRecall,0.0,4.87805,26.1682,48.5714,66.6667
192,6,Lift,0.0,0.0,1.16872,2.49123,0.0
192,6,OracleDistribution,0.0,0.0,66.6667,33.3333,0.0
192,6,OracleLift,0.0,0.0,1.16872,2.49123,0.0
192,6,Recall,35.7143,21.5278,25.0674,44.8276,68.75
192,6,SampleDistribution,0.0,0.0,66.6667,33.3333,0.0
195,4,DiscoveredLabels,2.726574444444444,18.7924,48.66413333333333,25.524155555555556,4.29271
195,4,FrequencyRecall,55.55556666666667,83.5979,100.0,100.0,100.0
195,4,Lift,1.2222222222222223,0.7666666666666667,0.0,0.0,0.0
195,4,OracleDistribution,44.44444444444444,55.55555555555556,0.0,0.0,0.0
195,4,OracleLift,1.2222222222222223,0.7666666666666667,0.0,0.0,0.0
195,4,Recall,37.301588888888894,25.0,25.1273,42.14561111111111,51.388888888888886
195,4,SampleDistribution,44.44444444444444,55.55555555555556,0.0,0.0,0.0
195,5,DiscoveredLabels,2.753495625,17.721384375,49.122820312500004,25.2115546875,5.1907415625
195,5,FrequencyRecall,6.25,21.9288859375,49.8081140625,82.352925,100.0
195,5,Lift,0.1059028125,0.5031753125,1.2708583125,2.68993203125,0.0
195,5,OracleDistribution,0.5208328125,19.270823437500002,63.5416703125,16.666659375000002,0.0
195,5,OracleLift,0.1059028125,0.5031753125,1.2708583125,2.68993203125,0.0
195,5,Recall,37.834821875,23.676228124999998,25.4717078125,41.8103453125,62.40234375
195,5,SampleDistribution,0.5208328125,19.270823437500002,63.5416703125,16.666659375000002,0.0
195,6,DiscoveredLabels,2.767218076923077,16.20163846153846,49.85300384615385,26.159984615384612,5.018146153846154
195,6,FrequencyRecall,7.6923076923076925,4.878046153846154,26.383884615384616,50.32966538461539,51.28204615384615
195,6,Lift,3.641023076923077,0.09336000000000001,0.8380169615384615,3.311605,1.5170923076923077
195,6,OracleDistribution,2.5641000000000003,2.5641000000000003,47.43589615384615,43.589734615384614,3.8461499999999997
195,6,OracleLift,3.641023076923077,0.09336000000000001,0.8380169615384615,3.311605,1.5170923076923077
195,6,Recall,38.186807692307696,21.741465384615385,25.95895,43.5676423076923,60.57692307692308
195,6,SampleDistribution,2.5641000000000003,2.5641000000000003,47.43589615384615,43.589734615384614,3.8461499999999997
195,7,DiscoveredLabels,2.5641,15.8974,48.7179,27.1795,5.64103
195,7,FrequencyRecall,0.0,2.32558,4.51977,25.0,57.1429
195,7,Lift,0.0,0.0,1.01754,2.02326,0.0
195,7,OracleDistribution,0.0,0.0,66.6667,33.3333,0.0
195,7,OracleLift,0.0,0.0,1.01754,2.02326,0.0
195,7,Recall,35.7143,21.5278,25.6065,45.6897,68.75
195,7,SampleDistribution,0.0,0.0,66.6667,33.3333,0.0
198,5,DiscoveredLabels,2.6845222222222223,18.787555555555556,48.999311111111105,25.30208888888889,4.2265088888888895
198,5,FrequencyRecall,5.555555555555555,23.371666666666666,50.2924,78.43134444444445,100.0
198,5,Lift,0.0,0.5011445555555556,1.3982877777777778,1.6944433333333333,0.0
198,5,OracleDistribution,0.0,18.518500000000003,70.3703888888889,11.1111,0.0
198,5,OracleLift,0.0,0.5011445555555556,1.3982877777777778,1.6944433333333333,0.0
198,5,Recall,37.301588888888894,25.38582222222222,25.69633333333333,42.43295555555555,51.388888888888886
198,5,SampleDistribution,0.0,18.518500000000003,70.3703888888889,11.1111,0.0
198,6,DiscoveredLabels,2.708350769230769,17.46899846153846,49.19687076923077,25.507898461538463,5.117863692307692
198,6,FrequencyRecall,4.615384615384615,4.540335230769231,26.786483076923076,49.670332307692306,51.53845692307693
198,6,Lift,0.0,0.11464184615384616,0.9691445076923078,3.2089160000000003,0.0
198,6,OracleDistribution,0.0,3.07692,54.35898769230769,42.56409076923077,0.0
198,6,OracleLift,0.0,0.11464184615384616,0.9691445076923078,3.2089160000000003,0.0
198,6,Recall,37.80219846153847,23.707273846153846,25.913339999999998,42.97084,62.5
198,6,SampleDistribution,0.0,3.07692,54.35898769230769,42.56409076923077,0.0
198,7,DiscoveredLabels,2.724902692307692,15.953953846153846,49.67916923076923,26.544396153846154,5.097580384615385
198,7,FrequencyRecall,0.0,0.8050084615384615,5.932203846153846,21.84066923076923,56.04395
198,7,Lift,0.0,0.0,0.5971286923076923,2.9391003846153847,8.923076923076923
198,7,OracleDistribution,0.0,0.0,38.461534615384615,51.28205,10.256407692307693
198,7,OracleLift,0.0,0.0,0.5971286923076923,2.9391003846153847,8.923076923076923
198,7,Recall,38.186807692307696,21.741465384615385,26.269953846153847,44.89391153846154,62.5
198,7,SampleDistribution,0.0,0.0,38.461534615384615,51.28205,10.256407692307693
201,5,DiscoveredLabels,2.48756,15.4229,49.2537,27.3632,5.47264
201,5,FrequencyRecall,0.0,20.6897,54.386,88.2353,100.0
201,5,Lift,0.0,0.0,1.38095,6.44444,0.0
201,5,OracleDistribution,0.0,0.0,66.6667,33.3333,0.0
201,5,OracleLift,0.0,0.0,1.38095,6.44444,0.0
201,5,Recall,35.7143,21.5278,26.6846,47.4138,68.75
201,5,SampleDistribution,0.0,0.0,66.6667,33.3333,0.0
201,6,DiscoveredLabels,2.6735488571428574,16.56022857142857,49.56207714285714,26.375542857142857,4.8286171428571425
201,6,FrequencyRecall,5.714285714285714,5.296164857142857,27.61014857142857,52.97960285714286,48.57141428571429
201,6,Lift,0.0,0.31007742857142856,0.9431287714285714,2.8538008571428573,1.3238114285714284
201,6,OracleDistribution,0.0,8.57142,53.33333714285715,36.19047142857143,1.90476
201,6,OracleLift,0.0,0.31007742857142856,0.9431287714285714,2.8538008571428573,1.3238114285714284
201,6,Recall,37.95918,22.857154285714287,26.553714285714285,45.19705428571429,60.0
201,6,SampleDistribution,0.0,8.57142,53.33333714285715,36.19047142857143,1.90476
201,7,DiscoveredLabels,2.6702084375,17.2642265625,48.897093749999996,26.0164984375,5.1519765625
201,7,FrequencyRecall,0.0,1.5261621875,5.63206296875,21.84709375,59.1517921875
201,7,Lift,0.0,0.1327009375,0.453154125,3.4938015625,6.1171875
201,7,OracleDistribution,0.0,2.08333125,29.166659375000002,60.9375015625,7.8124953125
201,7,OracleLift,0.0,0.1327009375,0.453154125,3.4938015625,6.1171875
201,7,Recall,37.834821875,23.78473125,26.1455515625,44.490846874999995,63.8671875
201,7,SampleDistribution,0.0,2.08333125,29.166659375000002,60.9375015625,7.8124953125
204,5,DiscoveredLabels,2.6368911111111113,15.92748148148148,49.938422222222215,26.497922222222222,4.999296296296296
204,5,FrequencyRecall,6.481481481481482,22.605374074074074,53.80119259259259,86.05662962962963,100.0
204,5,Lift,0.0,0.6576134814814815,1.2635502592592591,2.207815925925926,0.0
204,5,OracleDistribution,0.0,25.925903703703707,61.728418518518524,12.345674074074076,0.0
204,5,OracleLift,0.0,0.6576134814814815,1.2635502592592591,2.207815925925926,0.0
204,5,Recall,38.09523333333333,22.376548148148146,27.223725925925926,46.20052222222222,63.19444444444444
204,5,SampleDistribution,0.0,25.925903703703707,61.728418518518524,12.345674074074076,0.0
204,6,DiscoveredLabels,2.6304284375,17.030195312500002,49.0537734375,26.148584375,5.137018125
204,6,FrequencyRecall,4.6875,4.6493878125000005,28.4316578125,52.6339328125,53.3854125
204,6,Lift,0.0,0.0538553125,1.053289640625,2.7783396875,1.9305546875
204,6,OracleDistribution,0.0,1.5624984375,59.374996875,34.895828125,4.166664062500001
204,6,OracleLift,0.0,0.0538553125,1.053289640625,2.7783396875,1.9305546875
204,6,Recall,37.834821875,23.8172828125,26.6256765625,45.39333125,64.6484375
204,6,SampleDistribution,0.0,1.5624984375,59.374996875,34.895828125,4.166664062500001
204,7,DiscoveredLabels,2.6042000000000005,18.5025,48.41957777777778,26.37367777777778,4.100055555555556
204,7,FrequencyRecall,0.0,1.2919888888888889,5.6497166666666665,24.007944444444448,42.8571
204,7,Lift,0.0,0.0,0.2315451111111111,4.932683333333333,0.0
204,7,OracleDistribution,0.0,0.0,14.8148,85.1852,0.0
204,7,OracleLift,0.0,0.0,0.2315451111111111,4.932683333333333,0.0
204,7,Recall,37.301588888888894,25.771611111111113,26.17551111111111,45.59387777777778,51.388888888888886
204,7,SampleDistribution,0.0,0.0,14.8148,85.1852,0.0
207,5,DiscoveredLabels,2.6175212222222224,16.718955555555553,49.65556111111111,25.989807777777777,5.018185777777777
207,5,FrequencyRecall,7.5,23.869735555555554,54.736852222222225,84.96730111111111,100.0
207,5,Lift,0.2327158888888889,0.4265386666666667,1.483419311111111,1.60216,0.0
207,5,OracleDistribution,1.4814800000000001,17.037025555555555,72.59260222222223,8.888883333333334,0.0
207,5,OracleLift,0.2327158888888889,0.4265386666666667,1.483419311111111,1.60216,0.0
207,5,Recall,38.25396555555556,23.757717777777774,27.385444444444445,45.84291888888889,64.16666666666667
207,5,SampleDistribution,1.4814800000000001,17.037025555555555,72.59260222222223,8.888883333333334,0.0
207,6,DiscoveredLabels,2.55078,18.1488,48.89405,26.23931,4.167064
207,6,FrequencyRecall,0.0,6.341462,28.78503,52.85716,39.99998
207,6,Lift,0.0,0.481466,1.3004190000000002,1.1013480000000002,0.0
207,6,OracleDistribution,0.0,13.33332,73.33336,13.33332,0.0
207,6,OracleLift,0.0,0.481466,1.3004190000000002,1.1013480000000002,0.0
207,6,Recall,37.14286,25.69445,26.873309999999996,46.120709999999995,53.125
207,6,SampleDistribution,0.0,13.33332,73.33336,13.33332,0.0
210,5,DiscoveredLabels,2.577613698630137,17.15609315068493,49.63981232876712,25.76232191780822,4.864168904109589
210,5,FrequencyRecall,7.534246575342466,25.082671232876713,56.95746712328767,85.81786575342466,100.0
210,5,Lift,0.0,0.3865497534246575,1.447459410958904,2.5614138356164387,0.0
210,5,OracleDistribution,0.0,15.525105479452057,69.40640273972603,15.068483561643834,0.0
210,5,OracleLift,0.0,0.3865497534246575,1.447459410958904,2.5614138356164387,0.0
210,5,Recall,38.16046849315069,24.695583561643833,27.733261643835615,46.032127397260275,63.013698630136986
210,5,SampleDistribution,0.0,15.525105479452057,69.40640273972603,15.068483561643834,0.0
210,6,DiscoveredLabels,2.567840769230769,15.865873076923076,50.49123461538461,26.234503846153846,4.840528461538462
210,6,FrequencyRecall,7.6923076923076925,5.628513846153846,29.90655,55.604407692307696,52.56409230769231
210,6,Lift,0.0,0.1814276923076923,1.2207718461538462,2.141521923076923,0.0
210,6,OracleDistribution,0.0,5.1282000000000005,69.23077692307692,25.641015384615386,0.0
210,6,OracleLift,0.0,0.1814276923076923,1.2207718461538462,2.141521923076923,0.0
210,6,Recall,38.186807692307696,22.94338076923077,28.332984615384614,47.08223076923077,62.98076923076923
210,6,SampleDistribution,0.0,5.1282000000000005,69.23077692307692,25.641015384615386,0.0
210,7,DiscoveredLabels,2.38095,15.2381,49.5238,27.619,5.2381
210,7,FrequencyRecall,0.0,2.32558,5.08475,28.5714,57.1429
210,7,Lift,0.0,0.0,0.508876,4.09524,0.0
210,7,OracleDistribution,0.0,0.0,33.3333,66.6667,0.0
210,7,OracleLift,0.0,0.0,0.508876,4.09524,0.0
210,7,Recall,35.7143,22.2222,28.0323,50.0,68.75
210,7,SampleDistribution,0.0,0.0,33.3333,66.6667,0.0
213,5,DiscoveredLabels,2.492338888888889,18.18457777777778,49.416466666666665,25.982655555555553,3.923948888888889
213,5,FrequencyRecall,5.555555555555555,25.287366666666667,57.69981111111112,85.62089999999999,100.0
213,5,Lift,0.0,0.19400355555555557,1.4179171111111113,4.753081111111111,0.0
213,5,OracleDistribution,0.0,7.4074,66.66667777777779,25.925922222222223,0.0
213,5,OracleLift,0.0,0.19400355555555557,1.4179171111111113,4.753081111111111,0.0
213,5,Recall,37.301588888888894,26.466033333333332,27.912544444444443,46.9349,51.388888888888886
213,5,SampleDistribution,0.0,7.4074,66.66667777777779,25.925922222222223,0.0
213,6,DiscoveredLabels,2.5592252307692305,16.77918,49.93034615384615,25.773587692307693,4.957664153846154
213,6,FrequencyRecall,7.6923076923076925,4.9530924615384615,30.294746153846155,54.94505692307692,54.87179230769231
213,6,Lift,1.3948707692307694,0.14323046153846153,1.1679738,2.1688486153846154,1.6854692307692307
213,6,OracleDistribution,1.02564,4.10256,65.64102769230769,26.666658461538464,2.5641000000000003
213,6,OracleLift,1.3948707692307694,0.14323046153846153,1.1679738,2.1688486153846154,1.6854692307692307
213,6,Recall,38.46153846153846,24.519232307692306,28.318469230769228,46.75067230769231,65.1923076923077
213,6,SampleDistribution,1.02564,4.10256,65.64102769230769,26.666658461538464,2.5641000000000003
213,7,DiscoveredLabels,2.531364615384615,15.640534615384617,50.53965769230769,26.498365384615383,4.790078461538462
213,7,FrequencyRecall,0.0,0.8050084615384615,6.8448484615384615,24.244511538461538,56.5934
213,7,Lift,0.0,0.0,0.8330098461538462,2.639505769230769,1.1025653846153847
213,7,OracleDistribution,0.0,0.0,53.84616538461539,44.87178461538462,1.2820500000000001
213,7,OracleLift,0.0,0.0,0.8330098461538462,2.639505769230769,1.1025653846153847
213,7,Recall,38.186807692307696,22.94338076923077,28.768403846153845,48.24271923076923,63.22115384615385
213,7,SampleDistribution,0.0,0.0,53.84616538461539,44.87178461538462,1.2820500000000001
216,5,DiscoveredLabels,2.31481,15.2778,50.463,26.8519,5.09259
216,5,FrequencyRecall,0.0,27.5862,61.4035,88.2353,100.0
216,5,Lift,0.0,0.787879,1.44444,0.0,0.0
216,5,OracleDistribution,0.0,33.3333,66.6667,0.0,0.0
216,5,OracleLift,0.0,0.787879,1.44444,0.0,0.0
216,5,Recall,35.7143,22.9167,29.3801,50.0,68.75
216,5,SampleDistribution,0.0,33.3333,66.6667,0.0,0.0
216,6,DiscoveredLabels,2.485947142857143,16.119322857142855,50.495937142857144,26.368940000000002,4.529851142857143
216,6,FrequencyRecall,5.714285714285714,6.1323997142857145,31.481980000000004,57.14286,49.52379714285715
216,6,Lift,0.0,0.13513542857142857,1.2031855142857144,2.167302857142857,0.8444457142857142
216,6,OracleDistribution,0.0,3.80952,67.61906,26.66666,1.90476
216,6,OracleLift,0.0,0.13513542857142857,1.2031855142857144,2.167302857142857,0.8444457142857142
216,6,Recall,37.95918,23.928571428571427,29.095102857142855,48.59607714285715,60.535714285714285
216,6,SampleDistribution,0.0,3.80952,67.61906,26.66666,1.90476
216,7,DiscoveredLabels,2.52650546875,16.60693125,49.83878125,26.099053125,4.9287159375
216,7,FrequencyRecall,0.0,1.707848125,6.3735878125,24.553571875,60.49108125
216,7,Lift,0.0,0.157738125,0.675332625,2.9609721875,2.7994796875
216,7,OracleDistribution,0.0,2.6041640625,43.749990625,50.520837500000006,3.124996875
216,7,OracleLift,0.0,0.157738125,0.675332625,2.9609721875,2.7994796875
216,7,Recall,38.5044640625,24.609375,28.664084375,48.006475,65.72265625
216,7,SampleDistribution,0.0,2.6041640625,43.749990625,50.520837500000006,3.124996875
219,5,DiscoveredLabels,2.489124074074074,15.731922222222224,50.769970370370366,26.30375185185185,4.705237407407408
219,5,FrequencyRecall,8.333333333333334,28.352503703703704,60.36387037037037,89.10673703703704,100.0
219,5,Lift,0.32098740740740744,0.7947995925925926,1.2123532222222222,2.032921111111111,0.0
219,5,OracleDistribution,2.4691333333333336,33.333333333333336,56.79012592592593,7.4074,0.0
219,5,OracleLift,0.32098740740740744,0.7947995925925926,1.2123532222222222,2.032921111111111,0.0
219,5,Recall,38.62432962962963,23.739714814814814,29.729451851851852,49.26564814814815,63.888888888888886
219,5,SampleDistribution,2.4691333333333336,33.333333333333336,56.79012592592593,7.4074,0.0
219,6,DiscoveredLabels,2.4914728125,16.412703125,50.122840625,26.07644375,4.89653953125
219,6,FrequencyRecall,7.8125,5.1448139062500005,32.2283890625,57.0535703125,55.989579687500004
219,6,Lift,0.0,0.08929953125000001,1.2560336875,2.02717328125,1.2122390625
219,6,OracleDistribution,0.0,2.6041640625,70.3125125,24.479156250000003,2.6041640625
219,6,OracleLift,0.0,0.08929953125000001,1.2560336875,2.02717328125,1.2122390625
219,6,Recall,38.5044640625,24.663628125,29.2326453125,48.63955625,66.2109375
219,6,SampleDistribution,0.0,2.6041640625,70.3125125,24.479156250000003,2.6041640625
219,7,DiscoveredLabels,2.4229566666666664,17.67851111111111,49.74135555555555,26.342477777777777,3.8147177777777777
219,7,FrequencyRecall,0.0,1.2919888888888889,6.277462222222223,27.380955555555555,42.8571
219,7,Lift,0.0,0.0,0.5729753333333334,3.8458888888888887,0.0
219,7,OracleDistribution,0.0,0.0,37.03703333333333,62.96296666666667,0.0
219,7,OracleLift,0.0,0.0,0.5729753333333334,3.8458888888888887,0.0
219,7,Recall,37.301588888888894,26.466033333333332,28.90088888888889,48.94634444444445,51.388888888888886
219,7,SampleDistribution,0.0,0.0,37.03703333333333,62.96296666666667,0.0
222,5,DiscoveredLabels,2.489329888888889,16.36603666666667,50.47358,25.899406666666664,4.771650888888889
222,5,FrequencyRecall,9.722222222222221,28.85058,61.44249444444444,88.75815444444444,100.0
222,5,Lift,0.31358,0.6291602555555555,1.3254851555555556,1.5327162222222221,0.0
222,5,OracleDistribution,2.22222,27.037023333333334,62.222226666666664,8.518511111111112,0.0
222,5,OracleLift,0.31358,0.6291602555555555,1.3254851555555556,1.5327162222222221,0.0
222,5,Recall,39.04761444444444,24.96142111111111,29.87721222222222,49.03257111111112,65.48611111111111
222,5,SampleDistribution,2.22222,27.037023333333334,62.222226666666664,8.518511111111112,0.0
222,6,DiscoveredLabels,2.375954,17.315109999999997,50.06684,26.314819999999997,3.9272739999999997
222,6,FrequencyRecall,0.0,6.829262,33.084109999999995,56.00001999999999,41.66665
222,6,Lift,0.0,0.23964,1.1964382,1.777587,1.10833
222,6,OracleDistribution,0.0,6.66666,66.66668000000001,23.33333,3.33333
222,6,OracleLift,0.0,0.23964,1.1964382,1.777587,1.10833
222,6,Recall,37.14286,26.319439999999997,29.541770000000003,49.65518,53.75
222,6,SampleDistribution,0.0,6.66666,66.66668000000001,23.33333,3.33333
225,5,DiscoveredLabels,2.4467631506849314,16.80551780821918,50.38830410958904,25.718649315068493,4.640756575342466
225,5,FrequencyRecall,9.246575342465754,30.325939726027396,63.44629589041096,90.00803835616438,100.0
225,5,Lift,0.05593602739726027,0.6142618904109589,1.3044522876712328,2.7754938356164383,0.0
225,5,OracleDistribution,0.4566205479452055,26.48401095890411,60.27398082191781,12.785376712328768,0.0
225,5,OracleLift,0.05593602739726027,0.6142618904109589,1.3044522876712328,2.7754938356164383,0.0
225,5,Recall,38.84539726027397,25.941779452054796,30.18868082191781,49.27964109589041,64.46917808219177
225,5,SampleDistribution,0.4566205479452055,26.48401095890411,60.27398082191781,12.785376712328768,0.0
225,6,DiscoveredLabels,2.464253846153846,15.781746153846154,51.02833076923077,26.141661538461538,4.5840211538461535
225,6,FrequencyRecall,7.6923076923076925,6.472788461538461,33.28541538461538,61.0989,54.48717307692308
225,6,Lift,0.0,0.2186603846153846,1.048520153846154,2.9534046153846156,0.5555538461538462
225,6,OracleDistribution,0.0,6.4102500000000004,58.97436153846154,33.33332307692308,1.2820500000000001
225,6,OracleLift,0.0,0.2186603846153846,1.048520153846154,2.9534046153846156,0.5555538461538462
225,6,Recall,39.285707692307696,24.465811538461537,30.696661538461537,50.2984,63.94230769230769
225,6,SampleDistribution,0.0,6.4102500000000004,58.97436153846154,33.33332307692308,1.2820500000000001
225,7,DiscoveredLabels,2.22222,15.1111,50.6667,27.1111,4.88889
225,7,FrequencyRecall,0.0,2.32558,5.64972,32.1429,57.1429
225,7,Lift,0.0,0.0,0.505952,4.25,0.0
225,7,OracleDistribution,0.0,0.0,33.3333,66.6667,0.0
225,7,OracleLift,0.0,0.0,0.505952,4.25,0.0
225,7,Recall,35.7143,23.6111,30.7278,52.5862,68.75
225,7,SampleDistribution,0.0,0.0,33.3333,66.6667,0.0
228,5,DiscoveredLabels,2.3258355555555554,17.762355555555555,50.022933333333334,26.177677777777777,3.7112022222222216
228,5,FrequencyRecall,5.555555555555555,30.651355555555558,63.157900000000005,93.46403333333333,100.0
228,5,Lift,0.0,0.5852977777777778,0.956511111111111,6.6543133333333335,0.0
228,5,OracleDistribution,0.0,25.925922222222226,44.44445555555556,29.629622222222224,0.0
228,5,OracleLift,0.0,0.5852977777777778,0.956511111111111,6.6543133333333335,0.0
228,5,Recall,37.301588888888894,27.700622222222222,30.27851111111111,50.6705,52.083333333333336
228,5,SampleDistribution,0.0,25.925922222222226,44.44445555555556,29.629622222222224,0.0
228,6,DiscoveredLabels,2.4230096923076925,16.488389230769233,50.70343076923077,25.65504923076923,4.730114923076923
228,6,FrequencyRecall,7.6923076923076925,5.4033743076923075,34.248738461538466,59.07692769230769,57.179486153846156
228,6,Lift,0.0,0.11927553846153846,1.2615392923076925,1.9142852307692309,0.7777753846153846
228,6,OracleDistribution,0.0,3.58974,70.76924307692308,23.589736923076924,2.05128
228,6,OracleLift,0.0,0.11927553846153846,1.2615392923076925,1.9142852307692309,0.7777753846153846
228,6,Recall,39.010984615384615,25.81196,30.806550769230768,49.854112307692304,66.63461538461539
228,6,SampleDistribution,0.0,3.58974,70.76924307692308,23.589736923076924,2.05128
228,7,DiscoveredLabels,2.4315707692307695,15.623750000000001,51.031030769230775,26.288761538461536,4.624879615384615
228,7,FrequencyRecall,0.0,1.0733446153846153,7.714036153846154,26.236261538461537,59.890115384615385
228,7,Lift,0.0,0.22808538461538463,0.7952386153846154,2.241501923076923,6.538461538461538
228,7,OracleDistribution,0.0,3.8461499999999997,51.28204615384615,37.17949615384616,7.6922999999999995
228,7,OracleLift,0.0,0.22808538461538463,0.7952386153846154,2.241501923076923,6.538461538461538
228,7,Recall,39.285707692307696,24.545946153846156,31.111342307692308,51.259934615384616,65.38461538461539
228,7,SampleDistribution,0.0,3.8461499999999997,51.28204615384615,37.17949615384616,7.6922999999999995
231,5,DiscoveredLabels,2.1645,14.7186,50.6494,27.7056,4.7619
231,5,FrequencyRecall,0.0,31.0345,68.4211,94.1176,100.0
231,5,Lift,0.0,0.0,1.53333,7.66667,0.0
231,5,OracleDistribution,0.0,0.0,66.6667,33.3333,0.0
231,5,OracleLift,0.0,0.0,1.53333,7.66667,0.0
231,5,Recall,35.7143,23.6111,31.5364,55.1724,68.75
231,5,SampleDistribution,0.0,0.0,66.6667,33.3333,0.0
231,6,DiscoveredLabels,2.3728522857142855,16.048857142857145,50.880657142857146,26.27776857142857,4.419885428571429
231,6,FrequencyRecall,5.714285714285714,7.1080054285714285,34.84646571428571,62.12246285714286,53.80952
231,6,Lift,0.0,0.22802457142857144,1.0511022571428572,2.461124285714286,2.7499942857142856
231,6,OracleDistribution,0.0,6.66666,59.047622857142855,27.619048571428575,6.66666
231,6,OracleLift,0.0,0.22802457142857144,1.0511022571428572,2.461124285714286,2.7499942857142856
231,6,Recall,38.775505714285714,25.496031428571428,31.374668571428572,51.82266285714286,63.214285714285715
231,6,SampleDistribution,0.0,6.66666,59.047622857142855,27.619048571428575,6.66666
231,7,DiscoveredLabels,2.3947264062499998,16.3097703125,50.650475,25.9102421875,4.73480546875
231,7,FrequencyRecall,0.0,1.7805225,7.15925046875,27.092624999999998,62.723228125
231,7,Lift,0.0,0.061773125,0.71199903125,2.81993640625,4.6484359375
231,7,OracleDistribution,0.0,1.041665625,46.35416875000001,47.395826562500005,5.208328125
231,7,OracleLift,0.0,0.061773125,0.71199903125,2.81993640625,4.6484359375
231,7,Recall,39.062495312500005,25.8680515625,31.1783953125,51.0102328125,67.578125
231,7,SampleDistribution,0.0,1.041665625,46.35416875000001,47.395826562500005,5.208328125
234,5,DiscoveredLabels,2.3601433333333333,15.54565925925926,51.34968518518518,26.168185185185187,4.576332222222222
234,5,FrequencyRecall,10.185185185185185,33.33332592592593,67.25147777777778,92.3747074074074,100.0
234,5,Lift,0.0,0.4787601851851852,1.5179280000000002,2.0823051851851853,0.0
234,5,OracleDistribution,0.0,20.987640740740744,69.1358037037037,9.876533333333334,0.0
234,5,OracleLift,0.0,0.4787601851851852,1.5179280000000002,2.0823051851851853,0.0
234,5,Recall,39.15343333333334,25.077155555555557,32.14535925925926,52.39463333333333,66.43518518518519
234,5,SampleDistribution,0.0,20.987640740740744,69.1358037037037,9.876533333333334,0.0
234,6,DiscoveredLabels,2.3636725,16.1590203125,50.628278125,26.11463125,4.7343753125
234,6,FrequencyRecall,7.8125,5.75457046875,35.601640625,62.58928125,59.375003125
234,6,Lift,0.0,0.15527625,0.87916146875,3.64949671875,3.4726515625
234,6,OracleDistribution,0.0,4.6874953125,48.958334375,41.6666625,4.6874953125
234,6,OracleLift,0.0,0.15527625,0.87916146875,3.64949671875,3.4726515625
234,6,Recall,39.062495312500005,25.965709375,31.5742890625,52.08781875,68.45703125
234,6,SampleDistribution,0.0,4.6874953125,48.958334375,41.6666625,4.6874953125
234,7,DiscoveredLabels,2.265302222222222,17.3963,50.311,26.123333333333335,3.904048888888889
234,7,FrequencyRecall,0.0,1.2919888888888889,7.344634444444444,28.769855555555555,47.619033333333334
234,7,Lift,0.0,0.0,0.9732691111111111,1.6906033333333335,7.083333333333333
234,7,OracleDistribution,0.0,0.0,62.96296666666667,25.925922222222223,11.1111
234,7,OracleLift,0.0,0.0,0.9732691111111111,1.6906033333333335,7.083333333333333
234,7,Recall,37.301588888888894,27.854933333333335,31.26684444444444,51.91567777777778,56.25
234,7,SampleDistribution,0.0,0.0,62.96296666666667,25.925922222222223,11.1111
237,5,DiscoveredLabels,2.3395984444444444,16.215053333333334,50.93081,25.88715222222222,4.627392444444444
237,5,FrequencyRecall,10.277777777777779,34.90422777777778,67.79728444444444,92.28756444444443,100.0
237,5,Lift,0.03981477777777778,0.7584496777777777,1.2750194555555556,2.5567866666666665,0.0
237,5,OracleDistribution,0.37037000000000003,34.074065555555556,57.40741,8.148140000000001,0.0
237,5,OracleLift,0.03981477777777778,0.7584496777777777,1.2750194555555556,2.5567866666666665,0.0
237,5,Recall,39.206343333333336,26.419746666666665,32.20724888888889,52.356317777777775,67.84722222222223
237,5,SampleDistribution,0.37037000000000003,34.074065555555556,57.40741,8.148140000000001,0.0
237,6,DiscoveredLabels,2.223551,17.06043,50.40335,26.294220000000003,4.018478
237,6,FrequencyRecall,0.0,7.804874,36.26168,60.85714,50.0
237,6,Lift,0.0,0.22280799999999998,1.0239198,2.575725,2.11666
237,6,OracleDistribution,0.0,6.66666,56.666650000000004,29.999990000000004,6.66666
237,6,OracleLift,0.0,0.22280799999999998,1.0239198,2.575725,2.11666
237,6,Recall,37.14286,27.70834,31.77896,53.01724,58.75
237,6,SampleDistribution,0.0,6.66666,56.666650000000004,29.999990000000004,6.66666
240,5,DiscoveredLabels,2.303590684931507,16.643868493150688,50.84553698630137,25.680532876712327,4.526481506849315
240,5,FrequencyRecall,9.931506849315069,36.6556506849315,69.7668794520548,93.15066438356163,100.0
240,5,Lift,0.09817342465753424,0.5673163698630137,1.4864887808219178,1.7998469863013697,0.0
240,5,OracleDistribution,0.913241095890411,25.570764383561645,66.21005616438356,7.305928767123288,0.0
240,5,OracleLift,0.09817342465753424,0.5673163698630137,1.4864887808219178,1.7998469863013697,0.0
240,5,Recall,39.04109041095891,27.42579589041096,32.518547945205476,52.52715479452055,67.12328767123287
240,5,SampleDistribution,0.913241095890411,25.570764383561645,66.21005616438356,7.305928767123288,0.0
240,6,DiscoveredLabels,2.3251596153846155,15.595484615384615,51.62553461538461,25.997430769230768,4.456391923076923
240,6,FrequencyRecall,7.6923076923076925,7.504683076923077,36.592380769230765,66.4835076923077,57.05128076923077
240,6,Lift,0.0,0.2535834615384615,1.050705346153846,3.294125,0.0
240,6,OracleDistribution,0.0,7.6922999999999995,58.97436538461539,33.33332307692308,0.0
240,6,OracleLift,0.0,0.2535834615384615,1.050705346153846,3.294125,0.0
240,6,Recall,39.56043076923077,25.801273076923078,33.14328846153846,53.381965384615384,66.34615384615384
240,6,SampleDistribution,0.0,7.6922999999999995,58.97436538461539,33.33332307692308,0.0
240,7,DiscoveredLabels,2.08333,15.0,51.25,27.0833,4.58333
240,7,FrequencyRecall,0.0,2.32558,7.34463,32.1429,57.1429
240,7,Lift,0.0,0.0,1.50898,0.0,0.0
240,7,OracleDistribution,0.0,0.0,100.0,0.0,0.0
240,7,OracleLift,0.0,0.0,1.50898,0.0,0.0
240,7,Recall,35.7143,25.0,33.1536,56.0345,68.75
240,7,SampleDistribution,0.0,0.0,100.0,0.0,0.0
243,5,DiscoveredLabels,2.1801855555555556,17.85621111111111,50.50772222222222,25.60553333333333,3.850338888888889
243,5,FrequencyRecall,5.555555555555555,39.080466666666666,69.00586666666666,94.7712111111111,100.0
243,5,Lift,0.0,0.8568324444444444,1.2243142222222223,1.5925933333333333,0.0
243,5,OracleDistribution,0.0,37.03704444444445,55.55553333333334,7.4074,0.0
243,5,OracleLift,0.0,0.8568324444444444,1.2243142222222223,1.5925933333333333,0.0
243,5,Recall,37.301588888888894,29.706811111111108,32.614555555555555,52.87354444444444,57.638888888888886
243,5,SampleDistribution,0.0,37.03704444444445,55.55553333333334,7.4074,0.0
243,6,DiscoveredLabels,2.3036898461538464,16.330043076923076,50.95063538461538,25.826996923076923,4.588627384615385
243,6,FrequencyRecall,12.307692307692308,6.0412729230769235,37.15313384615385,65.84614923076924,60.76923076923077
243,6,Lift,1.8923061538461539,0.13050338461538463,0.9775959846153847,3.5100886153846154,1.4837630769230767
243,6,OracleDistribution,1.53846,4.10256,54.358972307692305,37.43589384615385,2.5641000000000003
243,6,OracleLift,1.8923061538461539,0.13050338461538463,0.9775959846153847,3.5100886153846154,1.4837630769230767
243,6,Recall,39.56043076923078,27.264953846153844,33.016796923076924,53.527846153846156,68.9423076923077
243,6,SampleDistribution,1.53846,4.10256,54.358972307692305,37.43589384615385,2.5641000000000003
243,7,DiscoveredLabels,2.296239615384615,15.433307692307693,51.509692307692305,26.2484,4.512348461538462
243,7,FrequencyRecall,0.0,1.2522353846153846,8.431121153846153,28.708792307692306,63.73626923076923
243,7,Lift,0.0,0.15026846153846155,0.6539681923076923,2.8205342307692307,8.346153846153847
243,7,OracleDistribution,0.0,2.5641000000000003,42.30769230769231,46.15384230769231,8.97435
243,7,OracleLift,0.0,0.15026846153846155,0.6539681923076923,2.8205342307692307,8.346153846153847
243,7,Recall,39.56043076923077,25.854688461538462,33.48537692307692,54.57561153846154,68.02884615384616
243,7,SampleDistribution,0.0,2.5641000000000003,42.30769230769231,46.15384230769231,8.97435
246,5,DiscoveredLabels,2.43902,15.0407,51.626,26.4228,4.47154
246,5,FrequencyRecall,0.0,41.3793,73.6842,94.1176,100.0
246,5,Lift,0.0,0.740741,1.56863,0.0,0.0
246,5,OracleDistribution,0.0,33.3333,66.6667,0.0,0.0
246,5,OracleLift,0.0,0.740741,1.56863,0.0,0.0
246,5,Recall,42.8571,25.6944,34.2318,56.0345,68.75
246,5,SampleDistribution,0.0,33.3333,66.6667,0.0,0.0
246,6,DiscoveredLabels,2.238507142857143,15.905579999999999,51.28917714285714,26.161025714285714,4.405698
246,6,FrequencyRecall,5.714285714285714,7.944248285714286,37.99733142857143,67.67345714285715,59.5238
246,6,Lift,0.0,0.12494685714285712,0.970746257142857,3.144894857142857,4.609525714285714
246,6,OracleDistribution,0.0,3.80952,54.28570857142857,32.380945714285716,9.523800000000001
246,6,OracleLift,0.0,0.12494685714285712,0.970746257142857,3.144894857142857,4.609525714285714
246,6,Recall,38.97958571428571,26.924599999999998,33.70041428571429,54.975385714285714,67.14285714285714
246,6,SampleDistribution,0.0,3.80952,54.28570857142857,32.380945714285716,9.523800000000001
246,7,DiscoveredLabels,2.27274015625,16.152140625,50.9759484375,25.9569140625,4.64224765625
246,7,FrequencyRecall,0.0,1.7805225,8.06850359375,29.1015484375,66.5178765625
246,7,Lift,0.0,0.0,0.8221723437499999,2.3011353125,6.890625
246,7,OracleDistribution,0.0,0.0,53.6458390625,37.4999921875,8.854162500000001
246,7,OracleLift,0.0,0.0,0.8221723437499999,2.3011353125,6.890625
246,7,Recall,39.5089203125,27.30034375,33.440028125,54.45851875,70.60546875
246,7,SampleDistribution,0.0,0.0,53.6458390625,37.4999921875,8.854162500000001
249,5,DiscoveredLabels,2.246766666666667,15.380655555555554,51.69522222222222,26.124122222222223,4.553212962962963
249,5,FrequencyRecall,11.11111111111111,38.44188148148149,73.87913333333333,96.51413333333332,100.0
249,5,Lift,0.0,0.46459007407407404,1.4882926296296295,4.160488518518519,0.0
249,5,OracleDistribution,0.0,22.222214814814816,62.96297777777778,14.8148,0.0
249,5,OracleLift,0.0,0.46459007407407404,1.4882926296296295,4.160488518518519,0.0
249,5,Recall,39.682529629629634,26.414603703703705,34.451433333333334,55.68327037037037,70.37037037037037
249,5,SampleDistribution,0.0,22.222214814814816,62.96297777777778,14.8148,0.0
249,6,DiscoveredLabels,2.24506375,16.0125453125,50.957728125,26.046721875,4.73794625
249,6,FrequencyRecall,10.9375,6.4024365625,38.5076046875,68.70535,66.9270890625
249,6,Lift,0.0,0.14434484375,0.8873890625,3.35634296875,6.1970390625
249,6,OracleDistribution,0.0,4.6874953125,49.479160937500005,33.33333125,12.499990625
249,6,OracleLift,0.0,0.14434484375,0.8873890625,3.35634296875,6.1970390625
249,6,Recall,39.5089203125,27.3979984375,33.840128125,55.3205828125,72.94921875
249,6,SampleDistribution,0.0,4.6874953125,49.479160937500005,33.33333125,12.499990625
249,7,DiscoveredLabels,2.126911111111111,17.419966666666667,50.54015555555556,25.884633333333333,4.028353333333333
249,7,FrequencyRecall,0.0,1.2919888888888889,8.22347888888889,30.158744444444444,57.142855555555556
249,7,Lift,0.0,0.0,0.809603111111111,1.6919355555555555,15.555555555555555
249,7,OracleDistribution,0.0,0.0,51.851844444444446,25.925911111111112,22.222222222222225
249,7,OracleLift,0.0,0.0,0.809603111111111,1.6919355555555555,15.555555555555555
249,7,Recall,37.301588888888894,29.706811111111108,33.453111111111106,54.78928888888889,61.80555555555556
249,7,SampleDistribution,0.0,0.0,51.851844444444446,25.925911111111112,22.222222222222225
252,5,DiscoveredLabels,2.243535111111111,15.974895555555557,51.24889666666667,25.902911111111113,4.629760555555555
252,5,FrequencyRecall,12.5,40.11494222222222,74.32748555555555,96.27449333333334,100.0
252,5,Lift,0.24351833333333334,0.6021712555555556,1.3716706777777778,3.9901152222222223,0.0
252,5,OracleDistribution,2.22222,27.777763333333333,57.40741222222223,12.592581111111112,0.0
252,5,OracleLift,0.24351833333333334,0.6021712555555556,1.3716706777777778,3.9901152222222223,0.0
252,5,Recall,39.999991111111115,27.692905555555555,34.48038666666667,55.73754777777777,72.22222222222223
252,5,SampleDistribution,2.22222,27.777763333333333,57.40741222222223,12.592581111111112,0.0
252,6,DiscoveredLabels,2.129206,17.11749,50.579570000000004,26.07515,4.098574999999999
252,6,FrequencyRecall,10.0,8.536576,39.06541,67.71428,53.33334
252,6,Lift,0.0,0.321437,0.8488442,3.7510670000000004,2.01666
252,6,OracleDistribution,0.0,9.99999,46.66666,36.66666,6.66666
252,6,OracleLift,0.0,0.321437,0.8488442,3.7510670000000004,2.01666
252,6,Recall,37.85714,29.583369999999995,33.93531,55.94828,63.75
252,6,SampleDistribution,0.0,9.99999,46.66666,36.66666,6.66666
255,5,DiscoveredLabels,2.2425935616438357,16.322405479452055,51.09632328767123,25.787935616438354,4.5507210958904105
255,5,FrequencyRecall,14.04109589041096,41.521013698630135,76.0153890410959,98.22722465753425,100.0
255,5,Lift,0.46461136986301366,0.42036286301369863,1.3820531095890412,5.55249904109589,0.0
255,5,OracleDistribution,5.022826027397261,20.09131095890411,57.07762602739727,17.80820410958904,0.0
255,5,OracleLift,0.46461136986301366,0.42036286301369863,1.3820531095890412,5.55249904109589,0.0
255,5,Recall,40.410943835616436,28.595886301369863,34.74503698630137,56.08171780821918,71.74657534246575
255,5,SampleDistribution,5.022826027397261,20.09131095890411,57.07762602739727,17.80820410958904,0.0
255,6,DiscoveredLabels,2.263660769230769,15.52186923076923,51.63458461538461,26.007930769230768,4.571971923076923
255,6,FrequencyRecall,7.6923076923076925,8.536586538461538,39.6118,71.20878076923077,68.58973461538461
255,6,Lift,0.0,0.28685434615384614,0.9336041923076923,2.9392188461538464,4.286325384615385
255,6,OracleDistribution,0.0,8.97435,52.5641,28.20511538461539,10.256400000000001
255,6,OracleLift,0.0,0.28685434615384614,0.9336041923076923,2.9392188461538464,4.286325384615385
255,6,Recall,40.934053846153844,27.29701923076923,35.237403846153846,56.76392307692308,72.35576923076923
255,6,SampleDistribution,0.0,8.97435,52.5641,28.20511538461539,10.256400000000001
255,7,DiscoveredLabels,2.35294,14.902,50.5882,27.8431,4.31373
255,7,FrequencyRecall,0.0,2.32558,7.34463,37.5,57.1429
255,7,Lift,0.0,0.0,0.0,6.55263,0.0
255,7,OracleDistribution,0.0,0.0,0.0,100.0,0.0
255,7,OracleLift,0.0,0.0,0.0,6.55263,0.0
255,7,Recall,42.8571,26.3889,34.7709,61.2069,68.75
255,7,SampleDistribution,0.0,0.0,0.0,100.0,0.0
258,5,DiscoveredLabels,2.0517,17.415477777777777,50.93647777777778,25.623344444444445,3.973032222222222
258,5,FrequencyRecall,5.555555555555555,43.29502222222222,76.21833333333333,98.69279999999999,100.0
258,5,Lift,0.0,0.47470333333333337,1.7401200000000001,1.3703666666666665,0.0
258,5,OracleDistribution,0.0,22.2222,74.0741,3.7037,0.0
258,5,OracleLift,0.0,0.47470333333333337,1.7401200000000001,1.3703666666666665,0.0
258,5,Recall,37.301588888888894,30.787044444444444,34.95055555555555,56.22606666666667,63.19444444444444
258,5,SampleDistribution,0.0,22.2222,74.0741,3.7037,0.0
258,6,DiscoveredLabels,2.240701230769231,16.02758923076923,51.18656,25.82830923076923,4.716818461538461
258,6,FrequencyRecall,12.307692307692308,6.754218153846153,40.057516923076925,71.12088307692308,73.33333692307693
258,6,Lift,0.0,0.1581264,0.9669185230769232,2.9640592307692306,6.555556307692307
258,6,OracleDistribution,0.0,5.1282000000000005,54.358966153846154,27.692298461538464,12.820503076923078
258,6,OracleLift,0.0,0.1581264,0.9669185230769232,2.9640592307692306,6.555556307692307
258,6,Recall,40.87910307692308,28.429473846153847,35.23947846153846,56.87002923076923,75.28846153846153
258,6,SampleDistribution,0.0,5.1282000000000005,54.358966153846154,27.692298461538464,12.820503076923078
258,7,DiscoveredLabels,2.2371515384615384,15.355176923076924,51.34488846153847,26.34925769230769,4.713521923076923
258,7,FrequencyRecall,0.0,1.341680769230769,8.887443846153847,31.66207692307692,70.8791423076923
258,7,Lift,0.0,0.07423961538461538,0.41475153846153845,3.4544792307692305,13.833334615384615
258,7,OracleDistribution,0.0,1.2820500000000001,26.923061538461543,55.12821538461539,16.66665769230769
258,7,OracleLift,0.0,0.07423961538461538,0.41475153846153845,3.4544792307692305,13.833334615384615
258,7,Recall,40.934053846153844,27.323726923076922,35.45510769230769,58.189661538461536,75.48076923076923
258,7,SampleDistribution,0.0,1.2820500000000001,26.923061538461543,55.12821538461539,16.66665769230769
261,5,DiscoveredLabels,2.29885,14.5594,51.7241,27.2031,4.21456
261,5,FrequencyRecall,0.0,44.8276,80.7018,100.0,100.0
261,5,Lift,0.0,0.0,2.42857,0.0,0.0
261,5,OracleDistribution,0.0,0.0,100.0,0.0,0.0
261,5,OracleLift,0.0,0.0,2.42857,0.0,0.0
261,5,Recall,42.8571,26.3889,36.3881,61.2069,68.75
261,5,SampleDistribution,0.0,0.0,100.0,0.0,0.0
261,6,DiscoveredLabels,2.186229142857143,15.75601142857143,51.230802857142855,26.223905714285717,4.603064
261,6,FrequencyRecall,11.428571428571429,8.989546285714285,40.854482857142855,72.89796857142856,69.9999942857143
261,6,Lift,2.247617142857143,0.1466853142857143,0.9000781142857143,3.338335714285714,9.323807428571428
261,6,OracleDistribution,1.90476,4.761900000000001,50.476200000000006,31.428560000000004,11.42856
261,6,OracleLift,2.247617142857143,0.1466853142857143,0.9000781142857143,3.338335714285714,9.323807428571428
261,6,Recall,40.40815142857143,28.313499999999998,35.73354,58.49755428571428,74.46428571428571
261,6,SampleDistribution,1.90476,4.761900000000001,50.476200000000006,31.428560000000004,11.42856
261,7,DiscoveredLabels,2.21337328125,15.8979703125,50.9613140625,26.07086875,4.85648453125
261,7,FrequencyRecall,0.0,1.998545625,8.60699328125,31.7243234375,73.437521875
261,7,Lift,0.0,0.1823953125,0.48616575,3.08709375,15.56250625
261,7,OracleDistribution,0.0,3.124996875,31.7708265625,48.958329687500004,16.1458203125
261,7,OracleLift,0.0,0.1823953125,0.48616575,3.08709375,15.56250625
261,7,Recall,40.848196875,28.5264671875,35.4910640625,58.0684375,78.41796875
261,7,SampleDistribution,0.0,3.124996875,31.7708265625,48.958329687500004,16.1458203125
264,5,DiscoveredLabels,2.288174074074074,15.291781481481483,51.53313703703704,26.156237037037037,4.730664814814815
264,5,FrequencyRecall,22.22222222222222,44.18900740740741,79.66213703703704,100.0,100.0
264,5,Lift,0.7345670370370371,0.47063944444444444,1.6033273703703703,1.6790074074074073,0.0
264,5,OracleDistribution,8.641966666666667,23.45677777777778,62.96296666666667,4.938266666666667,0.0
264,5,OracleLift,0.7345670370370371,0.47063944444444444,1.6033273703703703,1.6790074074074073,0.0
264,5,Recall,42.857114814814814,27.854944444444442,36.42807037037037,59.13157037037037,77.54629629629629
264,5,SampleDistribution,8.641966666666667,23.45677777777778,62.96296666666667,4.938266666666667,0.0
264,6,DiscoveredLabels,2.18797125,15.793259375,50.9924515625,26.04639375,4.9799246875
264,6,FrequencyRecall,10.9375,7.27895828125,41.5157734375,73.16965,81.25
264,6,Lift,0.0,0.20311845312500001,0.95587634375,2.47840015625,9.23394578125
264,6,OracleDistribution,0.0,6.7708265625,53.64583125,23.958328125,15.624989062500001
264,6,OracleLift,0.0,0.20311845312500001,0.95587634375,2.47840015625,9.23394578125
264,6,Recall,40.848196875,28.6675328125,35.9248671875,58.688053124999996,81.34765625
264,6,SampleDistribution,0.0,6.7708265625,53.64583125,23.958328125,15.624989062500001
264,7,DiscoveredLabels,2.089596666666667,17.099933333333333,50.57471111111111,26.09883333333333,4.136948888888889
264,7,FrequencyRecall,0.0,1.2919888888888889,8.788448888888889,32.936499999999995,63.4921
264,7,Lift,0.0,0.0,0.4980044444444444,3.24626,9.222222222222221
264,7,OracleDistribution,0.0,0.0,33.33332222222222,51.85187777777779,14.8148
264,7,OracleLift,0.0,0.0,0.4980044444444444,3.24626,9.222222222222221
264,7,Recall,38.88887777777778,30.941355555555553,35.5196,58.62071111111111,67.36111111111111
264,7,SampleDistribution,0.0,0.0,33.33332222222222,51.85187777777779,14.8148
267,5,DiscoveredLabels,2.2633597777777776,15.78337777777778,51.261598888888884,25.833224444444447,4.858466555555555
267,5,FrequencyRecall,22.22222222222222,45.09578555555556,80.62379444444446,99.6732,100.0
267,5,Lift,0.5432092222222222,0.5220339222222222,1.6019922111111113,1.6370326666666668,0.0
267,5,OracleDistribution,6.29629,26.66666222222222,61.851850000000006,5.18518,0.0
267,5,OracleLift,0.5432092222222222,0.5220339222222222,1.6019922111111113,1.6370326666666668,0.0
267,5,Recall,42.777748888888894,29.004637777777777,36.561843333333336,58.92722444444445,80.34722222222223
267,5,SampleDistribution,6.29629,26.66666222222222,61.851850000000006,5.18518,0.0
267,6,DiscoveredLabels,2.0839489999999996,16.675440000000002,50.7743,26.26026,4.206065
267,6,FrequencyRecall,30.0,9.268284,41.77572,73.71430000000001,61.66668
267,6,Lift,0.0,0.0957265,0.9478432,3.4694879999999997,4.42223
267,6,OracleDistribution,0.0,3.33333,53.333330000000004,33.33334000000001,9.99999
267,6,OracleLift,0.0,0.0957265,0.9478432,3.4694879999999997,4.42223
267,6,Recall,39.285700000000006,30.55555,36.118610000000004,59.74139,69.375
267,6,SampleDistribution,0.0,3.33333,53.333330000000004,33.33334000000001,9.99999
270,5,DiscoveredLabels,2.208952328767123,16.26743698630137,51.124769863013704,25.622057534246576,4.776796164383562
270,5,FrequencyRecall,19.52054794520548,47.9924493150685,82.33597397260274,100.0,100.0
270,5,Lift,0.10958890410958905,0.6625095068493151,1.6181319589041097,1.0182616438356165,0.0
270,5,OracleDistribution,1.3698616438356164,34.24656301369863,61.18722328767123,3.1963438356164384,0.0
270,5,OracleLift,0.10958890410958905,0.6625095068493151,1.6181319589041097,1.0182616438356165,0.0
270,5,Recall,42.17218219178082,30.194065753424656,36.83121917808219,59.03402739726028,79.79452054794521
270,5,SampleDistribution,1.3698616438356164,34.24656301369863,61.18722328767123,3.1963438356164384,0.0
270,6,DiscoveredLabels,2.294958846153846,15.313892307692308,51.77143846153846,25.815596153846155,4.804127692307692
270,6,FrequencyRecall,7.6923076923076925,9.474672692307692,42.6312,75.7143,82.05128461538462
270,6,Lift,0.0,0.2686508846153846,0.9310891153846155,2.7724426923076924,8.854686923076923
270,6,OracleDistribution,0.0,8.97435,52.564107692307694,24.358961538461543,14.10255
270,6,OracleLift,0.0,0.2686508846153846,0.9310891153846155,2.7724426923076924,8.854686923076923
270,6,Recall,43.95601538461539,28.525630769230773,37.424838461538464,59.68170384615385,80.52884615384616
270,6,SampleDistribution,0.0,8.97435,52.564107692307694,24.358961538461543,14.10255
270,7,DiscoveredLabels,2.22222,14.4444,51.1111,27.4074,4.81481
270,7,FrequencyRecall,0.0,2.32558,7.34463,41.0714,71.4286
270,7,Lift,0.0,0.0,0.0,4.68571,27.3333
270,7,OracleDistribution,0.0,0.0,0.0,66.6667,33.3333
270,7,OracleLift,0.0,0.0,0.0,4.68571,27.3333
270,7,Recall,42.8571,27.0833,37.1968,63.7931,81.25
270,7,SampleDistribution,0.0,0.0,0.0,66.6667,33.3333
273,5,DiscoveredLabels,2.0609777777777776,17.106022222222222,51.07028888888889,25.681633333333334,4.08111
273,5,FrequencyRecall,8.333333333333334,48.659,83.4307888888889,100.0,100.0
273,5,Lift,0.0,0.6511807777777778,1.8145553333333335,0.0,0.0
273,5,OracleDistribution,0.0,33.33332222222222,66.66667777777779,0.0,0.0
273,5,OracleLift,0.0,0.6511807777777778,1.8145553333333335,0.0,0.0
273,5,Recall,39.68252222222222,32.02161111111111,37.1069,59.67434444444445,68.75
273,5,SampleDistribution,0.0,33.33332222222222,66.66667777777779,0.0,0.0
273,6,DiscoveredLabels,2.2017304615384616,16.04900923076923,51.18070923076923,25.70398153846154,4.8645844615384615
273,6,FrequencyRecall,12.307692307692308,7.804871846153846,43.03378923076923,76.17583692307693,83.58974615384615
273,6,Lift,0.0,0.21020801538461537,0.9548254153846153,4.128112615384615,4.882047692307692
273,6,OracleDistribution,0.0,7.17948,53.33333076923077,34.87179230769231,4.61538
273,6,OracleLift,0.0,0.21020801538461537,0.9548254153846153,4.128112615384615,4.882047692307692
273,6,Recall,42.52744153846154,30.138893846153845,37.304572307692304,59.92042615384615,82.21153846153847
273,6,SampleDistribution,0.0,7.17948,53.33333076923077,34.87179230769231,4.61538
273,7,DiscoveredLabels,2.269566153846154,15.173,51.61007307692307,26.039919230769232,4.907416538461539
273,7,FrequencyRecall,0.0,1.5205715384615386,9.517608461538462,34.13461538461539,76.9231
273,7,Lift,0.0,0.15018307692307692,0.5665272307692308,2.944983076923077,13.666657692307693
273,7,OracleDistribution,0.0,2.5641000000000003,37.17947307692308,46.15383846153846,14.10255
273,7,OracleLift,0.0,0.15018307692307692,0.5665272307692308,2.944983076923077,13.666657692307693
273,7,Recall,43.95601538461539,28.579053846153844,37.72548076923077,60.87533076923077,83.17307692307692
273,7,SampleDistribution,0.0,2.5641000000000003,37.17947307692308,46.15383846153846,14.10255
276,5,DiscoveredLabels,2.53623,14.8551,50.3623,27.5362,4.71014
276,5,FrequencyRecall,25.0,48.2759,87.7193,100.0,100.0
276,5,Lift,2.33333,0.583333,1.16667,0.0,0.0
276,5,OracleDistribution,33.3333,33.3333,33.3333,0.0,0.0
276,5,OracleLift,2.33333,0.583333,1.16667,0.0,0.0
276,5,Recall,50.0,28.4722,37.4663,65.5172,81.25
276,5,SampleDistribution,33.3333,33.3333,33.3333,0.0,0.0
276,6,DiscoveredLabels,2.191646857142857,15.571528571428573,51.595871428571435,25.8515,4.789448285714286
276,6,FrequencyRecall,11.428571428571429,9.965154285714286,44.138868571428574,76.65308285714286,82.85714
276,6,Lift,0.0,0.18519314285714286,1.1190072857142859,2.0173500000000004,8.703177142857143
276,6,OracleDistribution,0.0,6.66666,62.857154285714294,17.14285142857143,13.333325714285715
276,6,OracleLift,0.0,0.18519314285714286,1.1190072857142859,2.0173500000000004,8.703177142857143
276,6,Recall,42.85711714285714,29.603165714285712,38.07469142857143,61.009865714285716,81.96428571428571
276,6,SampleDistribution,0.0,6.66666,62.857154285714294,17.14285142857143,13.333325714285715
276,7,DiscoveredLabels,2.1776299999999997,15.90590625,50.97179375,26.0062,4.9384509375
276,7,FrequencyRecall,0.0,2.0712196875,9.1366565625,34.7377390625,78.3482359375
276,7,Lift,0.0,0.065705,0.473616078125,3.57230203125,11.424475000000001
276,7,OracleDistribution,0.0,1.041665625,31.2499859375,56.2500078125,11.458321875000001
276,7,OracleLift,0.0,0.065705,0.473616078125,3.57230203125,11.424475000000001
276,7,Recall,42.522290625000004,30.1974859375,37.5589578125,61.2877109375,84.375
276,7,SampleDistribution,0.0,1.041665625,31.2499859375,56.2500078125,11.458321875000001
279,5,DiscoveredLabels,2.2577625925925924,15.34667037037037,51.791185185185185,25.688603703703706,4.915792222222223
279,5,FrequencyRecall,28.703703703703702,50.57470740740741,86.48472222222223,100.0,100.0
279,5,Lift,0.17283925925925928,0.7207098148148148,1.6705132592592593,0.0,0.0
279,5,OracleDistribution,2.4691333333333336,40.74073333333334,56.79013333333334,0.0,0.0
279,5,OracleLift,0.17283925925925928,0.7207098148148148,1.6705132592592593,0.0,0.0
279,5,Recall,44.70897037037037,29.552481481481482,38.70418888888889,61.39847777777778,85.18518518518519
279,5,SampleDistribution,2.4691333333333336,40.74073333333334,56.79013333333334,0.0,0.0
279,6,DiscoveredLabels,2.15399015625,15.8690875,51.124975,25.85405625,4.997903125
279,6,FrequencyRecall,10.9375,8.6890184375,44.8598171875,77.1428671875,88.802084375
279,6,Lift,0.0,0.358754828125,1.16087296875,1.492344375,7.664059375
279,6,OracleDistribution,0.0,12.499990625,65.1041765625,11.9791609375,10.4166609375
279,6,OracleLift,0.0,0.358754828125,1.16087296875,1.492344375,7.664059375
279,6,Recall,42.522290625000004,30.4578984375,38.085403125,61.597517187499996,86.328125
279,6,SampleDistribution,0.0,12.499990625,65.1041765625,11.9791609375,10.4166609375
279,7,DiscoveredLabels,2.016101111111111,16.89488888888889,51.00645555555556,25.606366666666666,4.476213333333333
279,7,FrequencyRecall,0.0,1.8087844444444445,9.604532222222222,33.928555555555555,74.6032
279,7,Lift,0.0,0.42377333333333334,0.7297744444444444,1.2148155555555555,24.296277777777778
279,7,OracleDistribution,0.0,7.4074,48.14814444444445,18.518500000000003,25.9259
279,7,OracleLift,0.0,0.42377333333333334,0.7297744444444444,1.2148155555555555,24.296277777777778
279,7,Recall,39.68252222222222,32.33025555555556,37.8856,60.82375555555556,77.08333333333333
279,7,SampleDistribution,0.0,7.4074,48.14814444444445,18.518500000000003,25.9259
282,5,DiscoveredLabels,2.1936356666666668,16.057435555555557,51.31299333333333,25.512317777777778,4.923628666666667
282,5,FrequencyRecall,25.833333333333332,53.869727777777776,86.33528,100.0,100.0
282,5,Lift,0.259259,0.8565150333333333,1.4496226111111112,0.0,0.0
282,5,OracleDistribution,3.33333,47.03703666666667,49.62963222222223,0.0,0.0
282,5,OracleLift,0.259259,0.8565150333333333,1.4496226111111112,0.0,0.0
282,5,Recall,43.809492222222225,31.18055888888889,38.673253333333335,61.49425333333333,86.04166666666667
282,5,SampleDistribution,3.33333,47.03703666666667,49.62963222222223,0.0,0.0
282,6,DiscoveredLabels,2.043177,16.60297,51.05618,25.63617,4.661505
282,6,FrequencyRecall,30.0,10.487791,44.67288,77.42859,80.0
282,6,Lift,0.0,0.201852,1.0614485999999999,1.715742,12.1111
282,6,OracleDistribution,0.0,6.66666,60.0,13.33332,20.0
282,6,OracleLift,0.0,0.201852,1.0614485999999999,1.715742,12.1111
282,6,Recall,40.71427,32.15278,38.38274,61.637919999999994,81.25
282,6,SampleDistribution,0.0,6.66666,60.0,13.33332,20.0
285,5,DiscoveredLabels,2.1450217808219176,16.562963013698628,51.14004657534247,25.294064383561643,4.8578972602739725
285,5,FrequencyRecall,23.28767123287671,57.1563506849315,87.93559589041095,100.0,100.0
285,5,Lift,0.07610356164383561,0.8766597534246575,1.5591243835616437,0.0,0.0
285,5,OracleDistribution,0.913241095890411,47.9452,51.141556164383566,0.0,0.0
285,5,OracleLift,0.07610356164383561,0.8766597534246575,1.5591243835616437,0.0,0.0
285,5,Recall,43.248501369863014,32.4676397260274,38.910019178082194,61.54935753424658,85.70205479452055
285,5,SampleDistribution,0.913241095890411,47.9452,51.141556164383566,0.0,0.0
285,6,DiscoveredLabels,2.2004676923076927,15.821076923076923,51.75896538461538,25.262392307692306,4.9571042307692315
285,6,FrequencyRecall,7.6923076923076925,10.975609615384617,46.11791153846154,78.35166538461539,94.23076538461538
285,6,Lift,0.0,0.3868205384615385,0.9952536538461539,2.034688076923077,9.739315384615384
285,6,OracleDistribution,0.0,14.102557692307695,56.41024615384616,16.66665769230769,12.820500000000001
285,6,OracleLift,0.0,0.3868205384615385,0.9952536538461539,2.034688076923077,9.739315384615384
285,6,Recall,44.50546923076923,31.116446153846155,39.50861153846154,61.67110384615384,87.74038461538461
285,6,SampleDistribution,0.0,14.102557692307695,56.41024615384616,16.66665769230769,12.820500000000001
285,7,DiscoveredLabels,2.45614,14.7368,51.2281,26.6667,4.91228
285,7,FrequencyRecall,0.0,2.32558,8.47458,41.0714,85.7143
285,7,Lift,0.0,0.0,0.987805,0.0,40.5
285,7,OracleDistribution,0.0,0.0,66.6667,0.0,33.3333
285,7,OracleLift,0.0,0.0,0.987805,0.0,40.5
285,7,Recall,50.0,29.1667,39.3531,65.5172,87.5
285,7,SampleDistribution,0.0,0.0,66.6667,0.0,33.3333
288,5,DiscoveredLabels,1.9523377777777777,17.17981111111111,51.34637777777778,24.95262222222222,4.568815555555556
288,5,FrequencyRecall,8.333333333333334,55.93866666666667,90.25343333333333,100.0,100.0
288,5,Lift,0.0,0.7977211111111111,1.9290133333333332,0.0,0.0
288,5,OracleDistribution,0.0,44.44445555555556,55.55554444444445,0.0,0.0
288,5,OracleLift,0.0,0.7977211111111111,1.9290133333333332,0.0,0.0
288,5,Recall,39.68252222222222,33.9506,39.38305555555556,61.206888888888884,81.25
288,5,SampleDistribution,0.0,44.44445555555556,55.55554444444445,0.0,0.0
288,6,DiscoveredLabels,2.1507584615384614,16.5319,51.16404461538461,25.178046153846154,4.975267538461538
288,6,FrequencyRecall,12.307692307692308,10.206374769230768,46.427032307692315,78.15385384615385,95.12819846153846
288,6,Lift,0.0,0.5780231692307692,0.989503476923077,1.414236,10.041026153846154
288,6,OracleDistribution,0.0,20.51280923076923,55.384616923076926,11.282044615384615,12.8205
288,6,OracleLift,0.0,0.5780231692307692,0.989503476923077,1.414236,10.041026153846154
288,6,Recall,43.846121538461546,32.76708923076923,39.361393846153845,61.949598461538464,88.75
288,6,SampleDistribution,0.0,20.51280923076923,55.384616923076926,11.282044615384615,12.8205
288,7,DiscoveredLabels,2.177394230769231,15.655246153846154,51.498673076923076,25.535034615384614,5.133667307692307
288,7,FrequencyRecall,0.0,1.5205715384615386,9.97391576923077,36.88186538461538,86.26375
288,7,Lift,0.0,0.0,0.407911,3.392608846153846,24.403846153846153
288,7,OracleDistribution,0.0,0.0,26.923057692307694,51.28204615384615,21.794857692307694
288,7,OracleLift,0.0,0.0,0.407911,3.392608846153846,24.403846153846153
288,7,Recall,44.50546923076923,31.116446153846155,39.7263,62.99735,91.82692307692308
288,7,SampleDistribution,0.0,0.0,26.923057692307694,51.28204615384615,21.794857692307694
291,5,DiscoveredLabels,2.4055,14.7766,51.5464,26.1168,5.15464
291,5,FrequencyRecall,25.0,55.1724,94.7368,100.0,100.0
291,5,Lift,0.0,0.52381,2.93333,0.0,0.0
291,5,OracleDistribution,0.0,33.3333,66.6667,0.0,0.0
291,5,OracleLift,0.0,0.52381,2.93333,0.0,0.0
291,5,Recall,50.0,29.8611,40.4313,65.5172,93.75
291,5,SampleDistribution,0.0,33.3333,66.6667,0.0,0.0
291,6,DiscoveredLabels,2.0975045714285714,16.028814285714287,51.52836,25.26009714285714,5.0852382857142855
291,6,FrequencyRecall,11.428571428571429,11.916366857142856,47.34312857142857,79.18367714285714,97.61904285714286
291,6,Lift,0.0,0.4037364,1.0354618857142857,1.8339605714285714,10.904757142857143
291,6,OracleDistribution,0.0,14.2857,58.09524571428572,13.33332,14.285705714285715
291,6,OracleLift,0.0,0.4037364,1.0354618857142857,1.8339605714285714,10.904757142857143
291,6,Recall,43.26528285714286,32.14284571428572,40.10780285714286,62.88176000000001,91.78571428571429
291,6,SampleDistribution,0.0,14.2857,58.09524571428572,13.33332,14.285705714285715
291,7,DiscoveredLabels,2.12405578125,16.4117125,50.9318671875,25.444503125,5.087863125
291,7,FrequencyRecall,0.0,2.2165684375,9.631005625,37.5558046875,85.267871875
291,7,Lift,0.0,0.1191340625,0.439291609375,3.47071546875,18.5625
291,7,OracleDistribution,0.0,2.08333125,29.166654687500003,52.6041671875,16.1458203125
291,7,OracleLift,0.0,0.1191340625,0.439291609375,3.47071546875,18.5625
291,7,Recall,43.749967187500005,32.8667453125,39.58895,63.25430625,91.69921875
291,7,SampleDistribution,0.0,2.08333125,29.166654687500003,52.6041671875,16.1458203125
294,5,DiscoveredLabels,2.1545155555555557,16.004555555555555,51.52718888888889,25.168514814814813,5.1452251851851845
294,5,FrequencyRecall,29.62962962962963,61.813544444444446,91.22808148148148,100.0,100.0
294,5,Lift,0.09053481481481482,0.8442959629629629,1.6634138518518518,0.0,0.0
294,5,OracleDistribution,1.2345666666666668,49.38271481481482,49.382718518518516,0.0,0.0
294,5,OracleLift,0.09053481481481482,0.8442959629629629,1.6634138518518518,0.0,0.0
294,5,Recall,44.97352222222222,32.48457037037037,40.59098888888889,63.40994814814815,93.98148148148148
294,5,SampleDistribution,1.2345666666666668,49.38271481481482,49.382718518518516,0.0,0.0
294,6,DiscoveredLabels,2.10218828125,16.366145312500002,50.981128125,25.423892187499998,5.12663171875
294,6,FrequencyRecall,10.9375,11.0899309375,47.9702234375,80.1339265625,99.479165625
294,6,Lift,0.0,0.338679625,0.998732203125,3.156374375,8.5833265625
294,6,OracleDistribution,0.0,11.97915625,55.7291734375,23.437490625000002,8.8541578125
294,6,OracleLift,0.0,0.338679625,0.998732203125,3.156374375,8.5833265625
294,6,Recall,43.749967187500005,33.1163109375,40.039584375000004,63.86045,93.359375
294,6,SampleDistribution,0.0,11.97915625,55.7291734375,23.437490625000002,8.8541578125
294,7,DiscoveredLabels,1.9120244444444445,16.825055555555554,51.16561111111111,25.125944444444443,4.971364444444444
294,7,FrequencyRecall,0.0,1.8087844444444445,9.981186666666666,36.70633333333333,85.7143
294,7,Lift,0.0,0.0,0.33699633333333334,3.434371111111111,31.5
294,7,OracleDistribution,0.0,0.0,22.222211111111115,51.851844444444446,25.9259
294,7,OracleLift,0.0,0.0,0.33699633333333334,3.434371111111111,31.5
294,7,Recall,39.68252222222222,33.9506,40.071888888888886,62.931044444444446,90.27777777777777
294,7,SampleDistribution,0.0,0.0,22.222211111111115,51.851844444444446,25.9259
297,5,DiscoveredLabels,2.1120733333333335,16.66570666666667,51.057545555555556,25.084464444444443,5.080218444444444
297,5,FrequencyRecall,28.055555555555557,64.78927,91.15011555555554,100.0,100.0
297,5,Lift,0.11481466666666668,0.9551943666666667,1.3542944444444445,0.0,0.0
297,5,OracleDistribution,1.8518500000000002,55.18518444444445,42.96296,0.0,0.0
297,5,OracleLift,0.11481466666666668,0.9551943666666667,1.3542944444444445,0.0,0.0
297,5,Recall,44.44441666666667,34.09721666666667,40.54506666666667,63.70689111111111,93.54166666666667
297,5,SampleDistribution,1.8518500000000002,55.18518444444445,42.96296,0.0,0.0
297,6,DiscoveredLabels,1.938924,16.70729,51.138819999999996,25.11112,5.103851
297,6,FrequencyRecall,30.0,11.951197,47.75702,80.0,100.0
297,6,Lift,0.0,0.5570282,0.8400044,2.478968,17.16665
297,6,OracleDistribution,0.0,19.99998,46.66666,16.66665,16.66665
297,6,OracleLift,0.0,0.5570282,0.8400044,2.478968,17.16665
297,6,Recall,40.71427,34.09722,40.512119999999996,63.62069,93.75
297,6,SampleDistribution,0.0,19.99998,46.66666,16.66665,16.66665
300,5,DiscoveredLabels,2.0920861643835615,17.058812328767125,50.928387671232876,24.893213698630138,5.027496712328767
300,5,FrequencyRecall,27.397260273972602,67.35946164383562,92.9824698630137,100.0,100.0
300,5,Lift,0.2526634246575343,0.7690949452054795,1.7654327397260272,0.0,0.0
300,5,OracleDistribution,4.109584931506849,44.292235616438354,51.598173972602744,0.0,0.0
300,5,OracleLift,0.2526634246575343,0.7690949452054795,1.7654327397260272,0.0,0.0
300,5,Recall,44.42267397260274,35.21689863013699,40.80788630136986,63.79310136986301,93.40753424657534
300,5,SampleDistribution,4.109584931506849,44.292235616438354,51.598173972602744,0.0,0.0
300,6,DiscoveredLabels,2.1283515384615384,16.457115384615385,51.52810769230769,24.843126923076923,5.043323076923077
300,6,FrequencyRecall,7.6923076923076925,13.883664615384616,49.352984615384614,81.20878076923077,100.0
300,6,Lift,0.0,0.5698365,1.052504076923077,2.6811153846153846,0.0
300,6,OracleDistribution,0.0,20.512800000000002,58.974369230769234,20.512815384615386,0.0
300,6,OracleLift,0.0,0.5698365,1.052504076923077,2.6811153846153846,0.0
300,6,Recall,45.32965,34.0812,41.416111538461536,63.85941538461539,93.99038461538461
300,6,SampleDistribution,0.0,20.512800000000002,58.974369230769234,20.512815384615386,0.0
300,7,DiscoveredLabels,2.33333,15.0,51.0,26.6667,5.0
300,7,FrequencyRecall,0.0,2.32558,8.47458,46.4286,85.7143
300,7,Lift,0.0,0.0,0.0,7.27273,0.0
300,7,OracleDistribution,0.0,0.0,0.0,100.0,0.0
300,7,OracleLift,0.0,0.0,0.0,7.27273,0.0
300,7,Recall,50.0,31.25,41.2399,68.9655,93.75
300,7,SampleDistribution,0.0,0.0,0.0,100.0,0.0
