Id,Label,Generators,Closed,F_Order,L_Order,Size,Molecules,Frequency,Quality,Mean,Standard_Deviation,Pertinence,Weight,Eval,Grade,Selected
0,-,-,-,0,0,0,-,0,0,0,0,0,0,0,0,0
1,|0|0|,|0|0|_|0|,|0|0|0|0|_|0|-1|-1|0|-1|0|,2,4,3,0-1-2-3-4-5-6-7-9-10-11-12-14-15-16-17-18-19-20-21-22-23-24-25-26-27-28-29-30-31-32-33-34-35-36-37-38-39-40-42-43-44-45-46-47-48-49-50-51-52-53-54-55-56-57-58-59-60-61-62-63-64-65-66-67-68-69-70-71-72-73-74-75-76-77-78-79-80-81-83-84-85-86-87-89-90-91-92-93-94-95-96-97-98-99-100-101-102-103-104-105-106-107-108-109-110-111-112-113-114-115-116-117-118-120-121-122-123-124-125-126-127-128-129-130-131-132-133-134-135-136-138-139-140-141-142-143-144-145-147-148-151-152-154-155-156-157-158-159-160-161-162-163-164-165-166-167-168-169-170-172-173-174-175-176-178-179-180-181-182-183-184-185-186,174,0.028237,0.000000,0.000000,0.028237,0.833333,33.052083,0,1
2,|0|0|,|0|0|_|1|,|0|0|_|1|,2,2,1,3-6-7-8-9-12-13-15-17-19-20-21-22-24-27-28-29-30-31-32-34-35-36-37-40-41-42-43-45-46-50-51-52-54-56-57-58-60-62-63-65-66-68-69-70-71-72-73-74-76-77-79-81-82-83-84-85-87-88-90-91-96-98-99-100-101-103-106-107-109-110-111-113-114-116-117-118-119-120-122-124-126-127-130-131-133-136-137-142-144-145-146-147-149-150-151-152-153-155-157-161-164-165-170-171-172-173-175-177-178-181-183-185-187,114,0.022352,0.000000,0.000000,0.022352,1.916667,20.052083,0,-1
3,|0|0|,|0|0|_|2|,|0|0|0|_|1|-1|2|,2,3,2,8-13-22-29-36-41-57-58-62-82-83-84-85-88-90-98-114-119-127-130-137-146-147-150-153-171-175-177-178-187,30,-0.010355,0.000000,0.000000,-0.010355,-3.000000,-8.333333,0,-1
4,|1|2|,|0|1|_|1|-|1|2|_|1|-|1|2|_|2|,|0|1|2|2|_|1|-1|-1|1|2|-1|,2,4,7,0-1-2-3-4-5-6-7-8-9-10-11-12-13-14-15-16-17-18-19-20-21-22-23-24-25-26-27-28-29-30-31-32-33-34-35-36-37-38-39-40-41-42-43-44-45-46-47-48-49-50-51-52-53-54-55-56-57-58-59-60-61-62-63-64-65-66-67-68-69-70-71-72-73-74-75-76-77-78-79-80-81-82-83-84-85-86-87-88-89-90-91-92-93-94-95-96-97-98-99-100-101-102-103-104-105-106-107-108-109-110-111-112-113-114-115-116-117-118-119-120-121-122-123-124-125-126-127-128-129-130-131-132-133-134-135-136-137-138-139-140-141-142-143-144-145-146-147-148-149-150-151-152-153-154-155-156-157-158-159-160-161-162-163-164-165-166-167-168-169-170-171-172-173-174-175-176-177-178-179-180-181-182-183-184-185-186-187,188,0.000000,0.000000,0.000000,0.000000,-4.125000,-16.427083,0,-1
5,|0|2|,|0|2|_|1|,|0|2|_|1|,2,2,1,7-24-38-53-57-61-66-78-90-96-105-129-132-135-141-142-149-154-156-158-165-167-174,23,-0.012194,0.000000,0.000000,-0.012194,-0.666667,-3.000000,0,0
6,|0|0|0|,|0|0|0|_|0|-1|1|,|0|0|0|0|0|_|0|-1|-1|-1|0|-1|-1|0|-1|1|,3,5,3,3-6-7-9-12-15-17-19-20-21-22-24-27-28-29-30-31-32-34-35-36-37-40-42-43-45-46-50-51-52-54-56-57-58-60-62-63-65-66-68-69-70-71-72-73-74-76-77-79-81-83-84-85-87-90-91-96-98-99-100-101-103-106-107-109-110-111-113-114-116-117-118-120-122-124-126-127-130-131-133-136-144-145-147-151-152-155-157-161-164-170-172-173-175-178-181-183-185,98,0.052343,0.026737,0.032588,0.785742,6.166667,41.729167,3,1
7,|0|0|0|,|0|0|0|_|1|-1|1|,|0|0|0|_|1|-1|1|,3,3,1,7-8-9-13-17-19-21-24-27-28-32-34-40-41-43-45-46-50-51-52-57-60-63-68-69-70-71-82-87-88-90-91-96-100-101-103-111-114-117-119-124-130-133-137-146-150-152-153-155-157-171-175-177-178-185-187,56,0.020032,0.016523,0.030779,0.113987,-1.333333,0.229167,0,-1
8,|0|0|1|,|0|0|1|_|0|-1|1|,|0|0|0|0|1|2|2|_|0|-1|-1|-1|-1|-1|0|-1|-1|-1|-1|0|-1|-1|-1|1|-1|-1|1|2|-1|,3,7,12,0-1-2-3-4-5-6-7-9-10-11-12-14-15-16-17-18-19-20-21-23-24-25-26-27-28-30-31-32-33-34-35-36-37-38-39-40-42-43-44-45-46-47-48-49-50-51-52-53-54-55-56-57-59-60-61-62-63-64-65-66-67-68-69-70-71-72-73-74-75-76-77-78-79-80-81-83-86-87-89-90-91-92-93-94-95-96-97-99-100-101-102-103-104-105-106-107-108-109-110-111-112-113-114-115-116-117-118-120-121-122-123-124-125-126-127-128-129-130-131-132-133-134-135-136-138-139-140-141-142-143-144-145-147-148-151-152-154-155-156-157-158-159-160-161-162-163-164-165-166-167-168-169-170-172-173-174-175-176-178-179-180-181-182-183-184-185-186,168,0.017542,0.019613,0.034712,-0.059664,-4.916667,-22.333333,3,1
9,|0|0|1|,|0|0|1|_|1|-1|1|,|0|0|1|_|1|-1|1|,3,3,1,8-13-22-29-32-41-58-62-69-82-84-85-88-98-119-137-146-149-150-153-155-157-171-177-185-187,26,-0.022804,0.007106,0.025728,-1.162586,0.000000,-0.854167,1,-1
10,|0|0|1|,|0|0|1|_|2|-1|1|,|0|0|0|0|1|2|2|_|1|-1|-1|-1|-1|-1|2|-1|-1|-1|-1|1|1|-1|-1|-1|-1|-1|1|2|-1|,3,7,16,8-13-22-29-41-58-82-84-85-88-98-119-137-146-150-171-177-187,18,-0.010469,-0.010200,0.013923,-0.019305,-2.333333,-5.895833,2,-1
11,|0|0|2|,|0|0|2|_|0|-1|1|,|0|0|0|0|0|0|2|_|0|-1|-1|-1|-1|-1|0|-1|-1|-1|-1|0|-1|-1|-1|0|-1|-1|0|-1|1|-|0|0|0|0|0|0|2|_|0|-1|-1|-1|-1|-1|0|-1|-1|-1|-1|0|-1|-1|-1|0|-1|-1|0|1|-1|-|0|0|0|0|0|0|2|_|0|-1|-1|-1|0|-1|0|-1|-1|-1|-1|0|-1|-1|-1|0|-1|-1|0|-1|1|-|0|0|0|0|0|0|2|_|0|-1|-1|-1|-1|-1|0|-1|-1|-1|-1|0|-1|-1|-1|0|-1|1|0|-1|-1|,3,7,12,7-24-38-53-61-66-78-96-105-129-132-135-141-142-154-156-158-165-167-174,20,-0.012223,0.034773,0.030721,-1.529762,-2.333333,-2.250000,2,-1
12,|0|0|0|0|,|0|0|0|0|_|0|-1|-1|0|0|-1|-|0|0|0|0|0|0|0|_|0|-1|-1|-1|-1|-1|0|-1|-1|-1|-1|0|-1|-1|-1|0|-1|-1|0|-1|0|,|0|0|0|0|0|0|0|0|_|0|-1|-1|-1|-1|-1|-1|0|-1|-1|-1|-1|-1|0|-1|-1|-1|-1|0|-1|-1|-1|0|-1|0|0|-1|-1|-|0|0|0|0|0|0|0|0|_|0|-1|-1|-1|-1|-1|-1|0|-1|-1|-1|-1|-1|0|-1|-1|-1|-1|0|-1|-1|0|0|-1|-1|0|-1|-1|-|0|0|0|0|0|0|0|0|_|0|-1|-1|-1|-1|-1|-1|0|-1|-1|-1|-1|-1|0|-1|-1|-1|-1|0|-1|0|-1|0|-1|-1|-1|-1|0|-|0|0|0|0|0|0|0|0|_|0|-1|-1|-1|-1|-1|-1|0|-1|-1|-1|-1|-1|0|-1|-1|-1|-1|0|-1|-1|-1|0|-1|-1|0|-1|0|,4,8,12,0-1-2-3-5-10-11-12-14-15-18-22-23-26-29-30-33-35-38-39-42-45-47-49-50-51-54-57-58-59-64-66-67-70-73-79-81-84-85-86-89-90-92-93-94-95-97-98-100-102-103-104-105-106-107-108-111-117-120-121-124-127-133-135-136-139-147-151-152-156-158-160-162-163-164-165-166-173-179-181-182-183-186,83,0.089435,0.034773,0.030721,1.779350,12.416667,61.625000,5,1
13,|0|0|0|0|,|0|0|0|0|_|0|-1|-1|0|1|-1|,|0|0|0|0|0|0|0|_|0|-1|-1|-1|-1|-1|0|-1|-1|-1|-1|0|-1|-1|-1|0|-1|-1|0|1|-1|-|0|0|0|0|0|0|0|_|0|-1|-1|-1|-1|-1|0|-1|-1|-1|-1|0|-1|-1|-1|0|-1|1|0|-1|-1|,4,7,6,3-6-7-9-12-15-17-19-20-21-22-24-27-28-29-30-31-32-34-35-36-37-40-42-43-45-46-50-51-52-54-56-57-58-60-63-65-66-68-69-70-71-72-73-74-76-77-79-81-83-84-85-87-90-91-96-98-99-100-101-103-106-107-109-110-111-113-114-116-117-118-120-122-124-126-127-130-131-133-136-144-145-147-151-152-155-157-161-164-170-172-173-175-178-183-185,96,0.054097,0.043915,0.028491,0.357391,1.000000,13.562500,3,0
14,|0|0|0|0|,|0|0|0|0|_|0|-1|-1|1|-1|0|,|0|0|0|0|0|0|0|0|_|0|-1|-1|-1|-1|-1|-1|0|-1|-1|-1|-1|-1|0|-1|-1|-1|-1|0|-1|-1|-1|0|-1|-1|1|-1|0|-|0|0|0|0|0|0|0|0|_|0|-1|-1|-1|-1|-1|-1|0|-1|-1|-1|-1|-1|0|-1|-1|-1|-1|0|-1|-1|-1|0|1|-1|-1|-1|0|-|0|0|0|0|0|0|0|0|_|0|-1|-1|-1|-1|-1|-1|0|-1|-1|-1|-1|-1|0|-1|-1|-1|-1|0|-1|-1|-1|1|-1|-1|0|-1|0|-|0|0|0|0|0|0|0|0|_|0|-1|-1|-1|-1|-1|-1|0|-1|-1|-1|-1|-1|0|-1|-1|-1|-1|0|-1|-1|-1|1|-1|-1|0|0|-1|-|0|0|0|0|0|0|0|0|_|0|-1|-1|-1|-1|-1|-1|0|-1|-1|-1|-1|-1|0|-1|-1|-1|-1|0|-1|1|-1|0|-1|-1|-1|-1|0|-|0|0|0|0|0|0|0|0|_|0|-1|-1|-1|-1|-1|-1|0|-1|-1|-1|-1|-1|0|-1|-1|-1|-1|0|1|-1|-1|-1|-1|-1|0|-1|0|-|0|0|0|0|0|0|0|0|_|0|-1|-1|-1|-1|-1|-1|0|-1|-1|-1|-1|-1|0|-1|-1|-1|-1|0|1|-1|-1|-1|-1|-1|0|0|-1|-|0|0|0|0|0|0|0|0|_|0|-1|-1|-1|-1|-1|-1|0|-1|-1|-1|-1|-1|0|-1|-1|-1|-1|1|-1|-1|-1|0|-1|-1|0|-1|0|-|0|0|0|0|0|0|0|0|_|0|-1|-1|-1|-1|-1|-1|0|-1|-1|-1|-1|-1|0|-1|-1|-1|-1|1|-1|-1|-1|0|-1|0|0|-1|-1|-|0|0|0|0|0|0|0|0|_|0|-1|-1|-1|-1|-1|-1|0|-1|-1|-1|-1|-1|0|-1|1|-1|-1|0|-1|-1|-1|-1|-1|-1|0|-1|0|-|0|0|0|0|0|0|0|0|_|0|-1|-1|-1|-1|-1|-1|0|-1|-1|-1|-1|-1|0|-1|1|-1|-1|0|-1|-1|-1|-1|-1|-1|0|0|-1|-|0|0|0|0|0|0|0|0|_|0|-1|-1|-1|-1|-1|-1|0|-1|-1|-1|-1|-1|0|1|-1|-1|-1|-1|-1|-1|-1|0|-1|0|0|-1|-1|,4,8,27,3-6-7-9-12-15-17-19-20-21-24-27-28-30-31-32-34-37-40-42-43-46-52-56-60-63-65-66-68-71-72-73-74-76-77-79-81-91-96-99-101-106-107-109-113-116-118-120-122-126-136-144-145-151-157-161-164-170-172-173-183,61,0.050221,0.050658,0.023763,-0.018401,-0.500000,9.437500,3,0
15,|0|0|0|0|,|0|0|0|0|_|0|-1|-1|1|-1|1|,|0|0|0|0|0|0|0|0|_|0|-1|-1|-1|-1|-1|-1|0|-1|-1|-1|-1|-1|0|-1|-1|-1|-1|0|-1|-1|-1|0|-1|-1|1|-1|1|-|0|0|0|0|0|0|0|0|_|0|-1|-1|-1|-1|-1|-1|0|-1|-1|-1|-1|-1|0|-1|-1|-1|-1|0|-1|-1|-1|0|1|-1|-1|-1|1|-|0|0|0|0|0|0|0|0|_|0|-1|-1|-1|-1|-1|-1|0|-1|-1|-1|-1|-1|0|-1|-1|-1|-1|0|-1|1|-1|0|-1|-1|-1|-1|1|,4,8,11,7-9-17-19-21-24-27-28-32-34-40-43-45-46-50-51-52-57-60-63-68-69-70-71-87-90-91-96-100-101-103-111-114-117-124-130-133-152-155-157-175-178-185,43,0.044732,0.041263,0.031535,0.110011,1.000000,10.312500,3,0
16,|0|0|0|0|,|0|0|0|0|_|0|-1|1|1|-1|-1|,|0|0|0|0|0|0|0|0|_|0|-1|-1|-1|-1|-1|-1|0|-1|-1|-1|-1|-1|0|-1|-1|-1|-1|0|-1|-1|-1|0|-1|1|1|-1|-1|-|0|0|0|0|0|0|0|0|_|0|-1|-1|-1|-1|-1|-1|0|-1|-1|-1|-1|-1|0|-1|-1|-1|-1|0|-1|-1|1|0|1|-1|-1|-1|-1|-|0|0|0|0|0|0|0|0|_|0|-1|-1|-1|-1|-1|-1|0|-1|-1|-1|-1|-1|0|-1|-1|-1|1|0|-1|1|-1|0|-1|-1|-1|-1|-1|,4,8,9,3-7-9-12-15-17-19-21-24-27-28-30-32-34-40-42-43-45-46-50-51-52-57-60-63-66-68-70-71-73-77-79-81-90-91-96-100-101-103-106-107-114-117-120-122-136-151-157-164-173-175-183,52,0.082051,0.050658,0.023763,1.321102,4.333333,17.020833,4,1
17,|0|0|0|0|,|0|0|0|0|_|1|-1|-1|1|-1|1|,|0|0|0|0|_|1|-1|-1|1|-1|1|,4,4,1,8-13-41-43-45-46-50-51-57-70-82-88-90-91-100-103-111-117-119-124-133-137-146-150-152-153-171-177-187,29,0.003820,0.007969,0.028474,-0.145736,-2.333333,-2.520833,2,-1
18,|0|0|0|0|,|0|0|0|0|_|1|-1|-1|1|-1|2|,|0|0|0|0|0|_|1|-1|-1|-1|1|-1|-1|2|-1|1|,4,5,2,8-13-41-57-82-88-90-114-119-130-137-146-150-153-171-175-177-178-187,19,-0.024644,0.001324,0.023538,-1.103231,-0.333333,-2.020833,1,-1
19,|0|0|0|0|,|0|0|0|0|_|1|-1|-1|2|-1|1|,|0|0|0|0|_|1|-1|-1|2|-1|1|,4,4,1,8-13-22-29-36-41-57-58-62-82-84-85-88-90-98-114-119-127-130-137-146-147-150-153-171-175-177-178-187,29,-0.006819,-0.013977,0.007688,0.931066,-2.333333,-3.833333,2,-1
20,|0|0|0|1|,|0|0|0|1|_|0|-1|-1|0|1|-1|-|0|0|0|0|0|1|_|0|-1|-1|-1|-1|0|-1|-1|-1|0|-1|-1|0|-1|1|,|0|0|0|0|0|0|1|2|_|0|-1|-1|-1|-1|-1|-1|0|-1|-1|-1|-1|-1|0|-1|-1|-1|-1|0|-1|-1|-1|0|1|-1|-1|-1|1|-|0|0|0|0|0|0|1|2|_|0|-1|-1|-1|-1|-1|-1|0|-1|-1|-1|-1|-1|0|-1|-1|-1|-1|0|-1|-1|-1|0|1|-1|-1|-1|2|-|0|0|0|0|0|0|1|2|_|0|-1|-1|-1|-1|-1|-1|0|-1|-1|-1|-1|-1|0|-1|-1|-1|-1|0|-1|1|-1|0|-1|-1|-1|-1|1|-|0|0|0|0|0|0|1|2|_|0|-1|-1|-1|-1|-1|-1|0|-1|-1|-1|-1|-1|0|-1|-1|-1|-1|0|-1|1|-1|0|-1|-1|-1|-1|2|-|0|0|0|0|0|1|2|2|_|0|-1|-1|-1|-1|-1|-1|0|-1|-1|-1|-1|-1|0|-1|-1|-1|-1|0|1|-1|-1|-1|-1|-1|1|2|-1|-|0|0|0|0|0|1|2|2|_|0|-1|-1|-1|-1|-1|-1|0|-1|-1|-1|-1|-1|0|-1|1|-1|-1|0|-1|-1|-1|-1|-1|-1|1|2|-1|-|0|0|0|0|0|0|1|_|0|-1|-1|-1|0|-1|0|-1|-1|-1|-1|0|-1|-1|-1|0|-1|-1|0|-1|1|-|0|0|0|0|0|0|1|2|_|0|-1|-1|-1|-1|-1|-1|0|-1|-1|-1|-1|-1|0|-1|-1|-1|-1|0|-1|-1|-1|0|-1|-1|1|-1|1|-|0|0|0|0|0|0|1|2|_|0|-1|-1|-1|-1|-1|-1|0|-1|-1|-1|-1|-1|0|-1|-1|-1|-1|0|-1|-1|-1|0|-1|-1|1|-1|2|-|0|0|0|0|0|1|2|2|_|0|-1|-1|-1|-1|-1|-1|0|-1|-1|-1|-1|-1|0|-1|-1|-1|-1|0|-1|-1|-1|1|-1|-1|1|2|-1|,4,8,30,0-1-2-3-4-5-6-7-9-10-11-12-14-15-16-17-18-19-20-21-23-24-25-26-27-28-30-31-32-33-34-35-36-37-38-39-40-42-43-44-45-46-47-48-49-50-51-52-53-54-55-56-57-59-60-61-63-64-65-66-67-68-69-70-71-72-73-74-75-76-77-78-79-80-81-83-86-87-89-90-91-92-93-94-95-96-97-99-100-101-102-103-104-105-106-107-108-109-110-111-112-113-114-115-116-117-118-120-121-122-123-124-125-126-127-128-129-130-131-132-133-134-135-136-138-139-140-141-142-143-144-145-147-148-151-152-154-155-156-157-158-159-160-161-162-163-164-165-166-167-168-169-170-172-173-174-175-176-178-179-180-181-182-183-184-185-186,167,0.015759,0.035861,0.034120,-0.589138,-3.166667,-5.281250,3,0
21,|0|0|0|1|,|0|0|0|1|_|0|-1|1|1|-1|-1|,|0|0|0|0|0|0|0|1|_|0|-1|-1|-1|-1|-1|-1|0|-1|-1|-1|-1|-1|0|-1|-1|-1|-1|0|-1|-1|-1|0|-1|1|1|-1|-1|-|0|0|0|0|0|0|0|1|_|0|-1|-1|-1|-1|-1|-1|0|-1|-1|-1|-1|-1|0|-1|-1|-1|-1|0|-1|-1|1|0|1|-1|-1|-1|-1|-|0|0|0|0|0|0|0|1|_|0|-1|-1|-1|-1|-1|-1|0|-1|-1|-1|-1|-1|0|-1|-1|-1|-1|0|-1|-1|-1|0|1|-1|-1|1|-1|-|0|0|0|0|0|0|1|0|_|0|-1|-1|-1|-1|-1|-1|0|-1|-1|-1|-1|-1|0|-1|-1|-1|-1|0|-1|-1|1|0|1|-1|-1|-1|-1|-|0|0|0|0|0|0|0|1|_|0|-1|-1|-1|-1|-1|-1|0|-1|-1|-1|-1|-1|0|-1|-1|-1|1|0|-1|1|-1|0|-1|-1|-1|-1|-1|,4,8,15,3-6-28-30-31-35-54-56-66-68-69-72-76-79-81-101-109-111-113-116-118-120-122-131-147-155-170-183-185,29,-0.017457,0.044036,0.029778,-2.065063,2.666667,2.947917,5,1
22,|0|0|1|2|,|0|0|1|2|_|1|-1|-1|1|-1|1|-|0|0|1|2|_|1|-1|-1|1|-1|2|,|0|0|1|2|2|_|1|-1|-1|-1|1|-1|-1|1|2|-1|,4,5,3,8-13-22-29-41-58-82-84-85-88-98-119-137-146-149-150-171-177-187,19,-0.014005,-0.007434,0.015103,-0.435080,0.500000,-2.114583,0,-1
23,|0|0|0|0|0|,|0|0|0|0|0|_|0|-1|-1|-1|0|-1|-1|0|-1|0|,|0|0|0|0|0|0|_|0|-1|-1|-1|-1|0|-1|-1|-1|0|-1|-1|0|-1|0|-|0|0|0|0|0|0|_|0|-1|-1|-1|0|0|-1|-1|-1|0|-1|-1|0|-1|0|,5,6,3,0-1-2-3-4-5-6-7-9-10-11-12-14-15-16-17-18-19-20-21-22-23-24-25-26-27-28-29-30-31-32-33-34-35-36-37-38-39-40-42-43-44-45-46-47-48-49-50-51-52-53-54-55-56-57-58-59-60-61-63-64-65-66-67-68-69-70-71-72-73-74-75-76-77-78-79-80-81-83-84-85-86-87-89-90-91-92-93-94-95-96-97-98-99-100-101-102-103-104-105-106-107-108-109-110-111-112-113-114-115-116-117-118-120-121-122-123-124-125-126-127-128-129-130-131-132-133-134-135-136-138-139-140-141-142-143-144-145-147-148-151-152-154-155-156-157-158-159-160-161-162-163-164-165-166-167-168-169-170-172-173-174-175-176-178-179-180-181-182-183-184-185-186,173,0.026454,0.034773,0.030721,-0.270771,5.250000,22.895833,3,1
24,|0|0|0|0|0|,|0|0|0|0|0|_|0|-1|-1|-1|0|-1|0|1|-1|-1|,|0|0|0|0|0|0|0|0|_|0|-1|-1|-1|-1|-1|-1|0|-1|-1|-1|-1|-1|0|-1|-1|-1|-1|0|-1|-1|-1|0|-1|0|1|-1|-1|-|0|0|0|0|0|0|0|0|_|0|-1|-1|-1|-1|-1|-1|0|-1|-1|-1|-1|-1|0|-1|-1|-1|-1|0|-1|-1|0|0|1|-1|-1|-1|-1|-|0|0|0|0|0|0|0|0|_|0|-1|-1|-1|-1|-1|-1|0|-1|-1|-1|-1|-1|0|-1|-1|-1|0|0|-1|0|-1|1|-1|-1|-1|-1|-1|-|0|0|0|0|0|0|0|0|_|0|-1|-1|-1|-1|-1|-1|0|-1|-1|-1|-1|-1|0|-1|-1|0|-1|0|1|-1|-1|-1|-1|-1|-1|-1|0|,5,8,9,3-12-15-22-29-30-42-45-50-51-54-57-58-66-70-73-79-81-84-85-90-98-100-103-106-107-111-117-120-124-127-133-136-147-151-152-164-173-183,39,0.064198,0.062925,0.021399,0.059458,1.666667,19.187500,3,1
25,|0|0|0|0|0|,|0|0|0|0|0|_|0|-1|-1|-1|1|-1|-1|0|-1|1|,|0|0|0|0|0|0|0|0|_|0|-1|-1|-1|-1|-1|-1|0|-1|-1|-1|-1|-1|0|-1|-1|-1|-1|0|-1|-1|-1|1|-1|-1|0|-1|1|-|0|0|0|0|0|0|0|0|_|0|-1|-1|-1|-1|-1|-1|0|-1|-1|-1|-1|-1|0|-1|-1|-1|-1|0|1|-1|-1|-1|-1|-1|0|-1|1|-|0|0|0|0|0|0|0|0|_|0|-1|-1|-1|-1|-1|-1|0|-1|-1|-1|-1|-1|0|-1|-1|-1|-1|1|-1|-1|-1|0|-1|-1|0|1|-1|-|0|0|0|0|0|0|0|0|_|0|-1|-1|-1|-1|-1|-1|0|-1|-1|-1|-1|-1|0|-1|-1|-1|-1|1|-1|-1|-1|0|-1|0|1|-1|-1|-|0|0|0|0|0|0|0|0|_|0|-1|-1|-1|-1|-1|-1|0|-1|-1|-1|-1|-1|0|-1|-1|-1|-1|0|-1|-1|1|1|-1|-1|0|-1|-1|-|0|0|0|0|0|0|0|0|_|0|-1|-1|-1|-1|-1|-1|0|-1|-1|-1|-1|-1|0|-1|-1|-1|1|0|1|-1|-1|-1|-1|-1|0|-1|-1|-|0|0|0|0|0|0|0|0|_|0|-1|-1|-1|-1|-1|-1|0|-1|-1|-1|-1|-1|0|-1|-1|-1|1|1|-1|-1|-1|0|-1|-1|0|-1|-1|-|0|0|0|0|0|0|0|0|_|0|-1|-1|-1|-1|-1|-1|0|-1|-1|-1|-1|-1|0|-1|-1|-1|1|1|-1|-1|-1|0|0|-1|-1|-1|-1|-|0|0|0|0|0|0|0|0|_|0|-1|-1|-1|-1|-1|-1|0|-1|-1|-1|-1|-1|0|-1|-1|-1|-1|0|-1|1|-1|1|-1|-1|-1|-1|0|-|0|0|0|0|0|0|0|0|_|0|-1|-1|-1|-1|-1|-1|0|-1|-1|-1|-1|-1|0|-1|-1|1|-1|0|1|-1|-1|-1|-1|-1|-1|-1|0|-|0|0|0|0|0|0|0|0|_|0|-1|-1|-1|-1|-1|-1|0|-1|-1|-1|-1|-1|0|-1|1|-1|-1|1|-1|-1|-1|-1|-1|-1|0|-1|0|-|0|0|0|0|0|0|0|0|_|0|-1|-1|-1|-1|-1|-1|0|-1|-1|-1|-1|-1|0|-1|1|-1|-1|1|-1|-1|-1|-1|-1|-1|0|0|-1|-|0|0|0|0|0|0|0|0|_|0|-1|-1|-1|-1|-1|-1|0|-1|-1|-1|-1|-1|0|-1|1|-1|-1|0|-1|-1|-1|-1|-1|-1|0|-1|1|-|0|0|0|0|0|0|0|0|_|0|-1|-1|-1|-1|-1|-1|0|-1|-1|-1|-1|-1|0|1|-1|-1|-1|-1|-1|-1|-1|0|-1|-1|0|1|-1|-|0|0|0|0|0|0|0|0|_|0|-1|-1|-1|-1|-1|-1|0|-1|-1|-1|-1|-1|0|1|-1|-1|-1|-1|-1|-1|-1|0|-1|0|1|-1|-1|-|0|0|0|0|0|0|0|0|_|0|-1|-1|-1|-1|-1|-1|0|-1|-1|-1|-1|1|0|1|-1|-1|-1|-1|-1|-1|-1|0|-1|-1|0|-1|-1|-|0|0|0|0|0|0|0|0|_|0|-1|-1|-1|-1|-1|-1|0|-1|-1|-1|-1|1|0|1|-1|-1|-1|-1|-1|-1|-1|0|0|-1|-1|-1|-1|,5,8,31,3-7-9-12-15-17-19-21-24-27-28-30-32-34-40-42-43-46-52-60-63-66-68-71-73-77-79-81-91-96-101-106-107-120-122-136-151-157-164-173-183,41,0.062443,0.031931,0.017734,1.720518,1.000000,4.552083,3,0
26,|0|0|0|0|0|,|0|0|0|0|0|_|0|-1|-1|-1|1|-1|-1|1|-1|0|,|0|0|0|0|0|0|0|0|_|0|-1|-1|-1|-1|-1|-1|0|-1|-1|-1|-1|-1|0|-1|-1|-1|-1|0|-1|-1|-1|1|-1|-1|1|-1|0|-|0|0|0|0|0|0|0|0|_|0|-1|-1|-1|-1|-1|-1|0|-1|-1|-1|-1|-1|0|-1|-1|-1|-1|0|1|-1|-1|-1|-1|-1|1|-1|0|-|0|0|0|0|0|0|0|0|_|0|-1|-1|-1|-1|-1|-1|0|-1|-1|-1|-1|-1|0|-1|-1|-1|-1|1|-1|-1|-1|1|-1|-1|0|-1|0|-|0|0|0|0|0|0|0|0|_|0|-1|-1|-1|-1|-1|-1|0|-1|-1|-1|-1|-1|0|-1|-1|-1|-1|1|-1|-1|-1|1|-1|-1|0|-1|1|-|0|0|0|0|0|0|0|0|_|0|-1|-1|-1|-1|-1|-1|0|-1|-1|-1|-1|-1|0|-1|-1|-1|-1|1|-1|-1|-1|1|-1|-1|0|0|-1|-|0|0|0|0|0|0|0|0|_|0|-1|-1|-1|-1|-1|-1|0|-1|-1|-1|-1|-1|0|-1|-1|-1|1|1|-1|-1|-1|1|-1|-1|0|-1|-1|-|0|0|0|0|0|0|0|0|_|0|-1|-1|-1|-1|-1|-1|0|-1|-1|-1|-1|-1|0|-1|1|-1|-1|0|-1|-1|-1|-1|-1|-1|1|-1|0|-|0|0|0|0|0|0|0|0|_|0|-1|-1|-1|-1|-1|-1|0|-1|-1|-1|-1|-1|0|-1|1|-1|-1|1|-1|-1|-1|-1|-1|-1|1|-1|0|-|0|0|0|0|0|0|0|0|_|0|-1|-1|-1|-1|-1|-1|0|-1|-1|-1|-1|-1|0|1|-1|-1|-1|-1|-1|-1|-1|1|-1|-1|0|-1|0|-|0|0|0|0|0|0|0|0|_|0|-1|-1|-1|-1|-1|-1|0|-1|-1|-1|-1|-1|0|1|-1|-1|-1|-1|-1|-1|-1|1|-1|-1|0|0|-1|-|0|0|0|0|0|0|0|0|_|0|-1|-1|-1|-1|-1|-1|0|-1|-1|-1|-1|1|0|1|-1|-1|-1|-1|-1|-1|-1|1|-1|-1|0|-1|-1|-|0|0|0|0|0|0|0|0|_|0|-1|-1|-1|-1|-1|-1|0|-1|-1|-1|-1|-1|1|-1|-1|-1|-1|1|-1|-1|-1|0|-1|-1|0|1|-1|-|0|0|0|0|0|0|0|0|_|0|-1|-1|-1|-1|-1|-1|0|-1|-1|-1|-1|-1|1|-1|-1|-1|-1|1|-1|-1|-1|0|-1|-1|1|-1|0|-|0|0|0|0|0|0|0|0|_|0|-1|-1|-1|-1|-1|-1|0|-1|-1|-1|-1|-1|1|-1|-1|-1|-1|1|-1|-1|-1|0|-1|0|1|-1|-1|-|0|0|0|0|0|0|0|0|_|0|-1|-1|-1|-1|-1|-1|0|-1|-1|-1|1|-1|1|-1|-1|-1|-1|1|-1|-1|-1|0|-1|-1|-1|-1|0|-|0|0|0|0|0|0|0|0|_|0|-1|-1|-1|-1|-1|-1|0|-1|-1|1|-1|-1|1|-1|-1|-1|-1|0|-1|-1|-1|-1|-1|-1|1|-1|0|-|0|0|0|0|0|0|0|0|_|0|-1|-1|-1|-1|-1|-1|0|-1|-1|-1|-1|-1|1|-1|-1|-1|-1|0|-1|-1|-1|1|-1|-1|1|-1|0|,5,8,30,7-9-17-19-21-24-27-28-32-34-40-52-60-63-68-71-96-101-157,19,0.033867,0.044878,0.010409,-1.057775,1.000000,3.552083,3,0
27,|0|0|0|0|0|,|0|0|0|0|0|_|0|-1|-1|1|0|-1|-1|1|-1|-1|,|0|0|0|0|0|0|0|0|_|0|-1|-1|-1|-1|-1|-1|0|-1|-1|-1|-1|-1|0|-1|-1|-1|-1|0|-1|-1|1|0|-1|-1|1|-1|-1|-|0|0|0|0|0|0|0|0|_|0|-1|-1|-1|-1|-1|-1|0|-1|-1|-1|-1|-1|0|-1|-1|-1|1|0|-1|-1|-1|0|1|-1|-1|-1|-1|,5,8,6,3-6-9-12-15-19-22-29-30-42-46-58-66-73-79-81-84-85-91-98-106-107-111-120-122-127-136-147-151-152-164-173-183,33,0.048184,0.050658,0.023763,-0.104129,1.000000,5.937500,3,0
28,|0|0|0|0|0|,|0|0|0|0|0|_|0|-1|-1|1|1|-1|-1|0|-1|1|,|0|0|0|0|0|0|0|_|0|-1|-1|-1|-1|-1|0|-1|-1|-1|-1|0|-1|-1|1|1|-1|-1|0|-1|1|-|0|0|0|0|0|0|0|_|0|-1|-1|-1|-1|-1|0|-1|-1|-1|1|0|1|-1|-1|-1|-1|-1|0|-1|1|-|0|0|0|0|0|0|0|_|0|-1|-1|-1|-1|-1|0|-1|-1|-1|1|1|-1|-1|-1|0|-1|-1|0|1|-1|-|0|0|0|0|0|0|0|_|0|-1|-1|-1|-1|-1|0|-1|-1|1|-1|1|-1|-1|-1|0|-1|0|1|-1|-1|,5,7,6,7-9-17-19-21-24-27-28-32-34-40-52-60-63-68-71-96-101-157,19,0.033867,0.039571,0.017376,-0.328240,2.666667,6.468750,3,0
29,|0|0|0|0|0|,|0|0|0|0|0|_|0|-1|-1|1|1|-1|-1|1|-1|-1|,|0|0|0|0|0|0|0|0|_|0|-1|-1|-1|-1|-1|-1|0|-1|-1|-1|-1|-1|0|-1|-1|-1|-1|0|-1|-1|1|1|-1|-1|1|-1|-1|-|0|0|0|0|0|0|0|0|_|0|-1|-1|-1|-1|-1|-1|0|-1|-1|-1|-1|-1|0|-1|-1|-1|1|0|1|-1|-1|-1|-1|-1|1|-1|-1|,5,8,6,7-9-17-19-21-24-27-28-32-34-40-43-45-46-50-51-52-57-60-63-68-70-71-90-91-96-100-101-103-114-117-157-175,33,0.058822,0.044773,0.009703,1.447933,2.666667,6.885417,3,0
30,|0|0|0|0|1|,|0|0|0|0|1|_|0|-1|-1|-1|0|0|-1|-1|-1|1|,|0|0|0|0|0|0|0|1|_|0|-1|-1|-1|-1|-1|-1|0|-1|-1|-1|-1|-1|0|-1|-1|-1|-1|0|-1|-1|-1|0|0|-1|-1|-1|1|-|0|0|0|0|0|0|0|1|_|0|-1|-1|-1|-1|-1|-1|0|-1|-1|-1|-1|-1|0|-1|-1|-1|-1|0|-1|0|-1|0|-1|-1|-1|-1|1|-|0|0|0|0|0|0|1|0|_|0|-1|-1|-1|-1|-1|-1|0|-1|-1|-1|-1|-1|0|-1|-1|-1|-1|0|-1|-1|0|0|1|-1|-1|-1|-1|-|0|0|0|0|0|0|1|2|_|0|-1|-1|-1|-1|-1|-1|0|-1|-1|-1|-1|-1|0|-1|-1|-1|-1|0|0|-1|-1|-1|-1|-1|1|-1|1|-|0|0|0|0|0|0|1|2|_|0|-1|-1|-1|-1|-1|-1|0|-1|-1|-1|-1|-1|0|-1|-1|-1|-1|0|0|-1|-1|-1|-1|-1|1|-1|2|-|0|0|0|0|0|0|0|1|_|0|-1|-1|-1|-1|-1|-1|0|-1|-1|-1|-1|-1|0|-1|-1|-1|-1|0|-1|-1|1|0|0|-1|-1|-1|-1|-|0|0|0|0|0|0|0|1|_|0|-1|-1|-1|-1|-1|-1|0|-1|-1|-1|-1|-1|0|-1|-1|-1|1|0|-1|0|-1|0|-1|-1|-1|-1|-1|-|0|0|0|0|0|0|1|2|_|0|-1|-1|-1|-1|-1|-1|0|-1|-1|-1|-1|-1|0|-1|-1|1|-1|0|0|-1|-1|-1|-1|-1|-1|-1|1|-|0|0|0|0|0|0|1|2|_|0|-1|-1|-1|-1|-1|-1|0|-1|-1|-1|-1|-1|0|-1|-1|1|-1|0|0|-1|-1|-1|-1|-1|-1|-1|2|-|0|0|0|0|0|0|1|2|_|0|-1|-1|-1|-1|-1|-1|0|-1|-1|-1|-1|-1|0|-1|0|-1|-1|0|-1|-1|-1|-1|-1|-1|1|-1|1|-|0|0|0|0|0|0|1|2|_|0|-1|-1|-1|-1|-1|-1|0|-1|-1|-1|-1|-1|0|-1|0|-1|-1|0|-1|-1|-1|-1|-1|-1|1|-1|2|-|0|0|0|0|0|1|0|0|_|0|-1|-1|-1|-1|-1|-1|0|-1|-1|-1|-1|-1|0|-1|-1|0|-1|0|1|-1|-1|-1|-1|-1|-1|-1|0|-|0|0|0|0|0|1|2|0|_|0|-1|-1|-1|-1|-1|-1|0|-1|-1|-1|-1|-1|0|-1|-1|-1|0|0|1|-1|-1|-1|-1|-1|1|-1|-1|-|0|0|0|0|0|1|2|0|_|0|-1|-1|-1|-1|-1|-1|0|-1|-1|-1|-1|-1|0|-1|-1|-1|0|0|1|-1|-1|-1|-1|-1|2|-1|-1|-|0|0|0|0|0|1|2|2|_|0|-1|-1|-1|-1|-1|-1|0|-1|-1|-1|-1|-1|0|0|-1|-1|-1|-1|-1|-1|-1|1|-1|-1|1|2|-1|-|0|0|0|0|0|1|2|2|_|0|-1|-1|-1|-1|-1|-1|0|-1|-1|1|-1|-1|0|0|-1|-1|-1|-1|-1|-1|-1|-1|-1|-1|1|2|-1|,5,8,30,2-5-10-11-12-14-15-23-26-39-45-49-50-51-57-59-64-67-70-81-89-90-92-93-94-95-97-100-103-104-105-106-107-108-117-121-127-135-136-139-152-156-158-160-163-165-166-173-179-182-183,51,0.069630,0.057080,0.028987,0.432949,4.833333,22.135417,4,1
31,|0|0|0|0|1|,|0|0|0|0|1|_|0|-1|-1|-1|1|-1|-1|0|-1|1|,|0|0|0|0|0|0|0|1|_|0|-1|-1|-1|-1|-1|-1|0|-1|-1|-1|-1|-1|0|-1|-1|-1|-1|0|-1|-1|-1|1|-1|-1|0|-1|1|-|0|0|0|0|0|0|0|1|_|0|-1|-1|-1|-1|-1|-1|0|-1|-1|-1|-1|-1|0|-1|-1|-1|-1|0|1|-1|-1|-1|-1|-1|0|-1|1|-|0|0|0|0|0|0|0|1|_|0|-1|-1|-1|-1|-1|-1|0|-1|-1|-1|-1|-1|0|-1|-1|-1|-1|1|-1|-1|-1|0|-1|-1|0|1|-1|-|0|0|0|0|0|0|0|1|_|0|-1|-1|-1|-1|-1|-1|0|-1|-1|-1|-1|-1|0|-1|-1|-1|-1|1|-1|-1|-1|0|0|-1|-1|-1|1|-|0|0|0|0|0|0|0|1|_|0|-1|-1|-1|-1|-1|-1|0|-1|-1|-1|-1|-1|0|-1|-1|-1|-1|0|-1|-1|1|1|-1|-1|0|-1|-1|-|0|0|0|0|0|0|0|1|_|0|-1|-1|-1|-1|-1|-1|0|-1|-1|-1|-1|-1|0|-1|-1|-1|1|0|1|-1|-1|-1|-1|-1|0|-1|-1|-|0|0|0|0|0|0|0|1|_|0|-1|-1|-1|-1|-1|-1|0|-1|-1|-1|-1|-1|0|-1|-1|-1|1|1|-1|-1|-1|0|-1|-1|0|-1|-1|-|0|0|0|0|0|0|0|1|_|0|-1|-1|-1|-1|-1|-1|0|-1|-1|-1|-1|-1|0|-1|-1|-1|1|1|-1|-1|-1|0|0|-1|-1|-1|-1|-|0|0|0|0|0|0|0|1|_|0|-1|-1|-1|-1|-1|-1|0|-1|-1|-1|-1|-1|0|-1|1|-1|-1|0|-1|-1|-1|-1|-1|-1|0|-1|1|-|0|0|0|0|0|0|0|1|_|0|-1|-1|-1|-1|-1|-1|0|-1|-1|-1|-1|-1|0|1|-1|-1|-1|-1|-1|-1|-1|0|-1|-1|0|1|-1|-|0|0|0|0|0|0|0|1|_|0|-1|-1|-1|-1|-1|-1|0|-1|-1|-1|-1|-1|0|1|-1|-1|-1|-1|-1|-1|-1|0|0|-1|-1|-1|1|-|0|0|0|0|0|0|0|1|_|0|-1|-1|-1|-1|-1|-1|0|-1|-1|-1|-1|-1|0|-1|-1|-1|-1|0|1|-1|-1|-1|-1|1|0|-1|-1|-|0|0|0|0|0|0|0|1|_|0|-1|-1|-1|-1|-1|-1|0|-1|-1|-1|-1|-1|0|1|-1|-1|-1|-1|-1|-1|1|0|-1|-1|0|-1|-1|-|0|0|0|0|0|0|0|1|_|0|-1|-1|-1|-1|-1|-1|0|-1|-1|-1|-1|-1|0|1|-1|-1|-1|-1|-1|-1|1|0|0|-1|-1|-1|-1|-|0|0|0|0|0|1|0|0|_|0|-1|-1|-1|-1|-1|-1|0|-1|-1|-1|-1|-1|0|-1|-1|1|-1|0|1|-1|-1|-1|-1|-1|-1|-1|0|-|0|0|0|0|0|0|0|1|_|0|-1|-1|-1|-1|-1|-1|0|-1|-1|-1|-1|1|0|1|-1|-1|-1|-1|-1|-1|-1|0|-1|-1|0|-1|-1|-|0|0|0|0|0|0|0|1|_|0|-1|-1|-1|-1|-1|-1|0|-1|-1|-1|-1|1|0|1|-1|-1|-1|-1|-1|-1|-1|0|0|-1|-1|-1|-1|,5,8,31,3-28-30-31-56-66-68-72-76-79-81-101-109-113-116-118-120-170-183,19,0.007271,0.027968,0.019625,-1.054607,0.333333,2.890625,2,1
32,|0|0|0|0|1|,|0|0|0|0|1|_|0|-1|-1|1|0|-1|-1|1|-1|-1|,|0|0|0|0|0|0|0|1|_|0|-1|-1|-1|-1|-1|-1|0|-1|-1|-1|-1|-1|0|-1|-1|-1|-1|0|-1|-1|1|0|-1|-1|1|-1|-1|-|0|0|0|0|0|0|0|1|_|0|-1|-1|-1|-1|-1|-1|0|-1|-1|-1|-1|-1|0|-1|-1|-1|1|0|-1|-1|-1|0|1|-1|-1|-1|-1|-|0|0|0|0|0|0|1|0|_|0|-1|-1|-1|-1|-1|-1|0|-1|-1|-1|-1|-1|0|-1|-1|-1|1|0|-1|-1|-1|0|1|-1|-1|-1|-1|-|0|0|0|0|0|0|1|0|_|0|-1|-1|-1|-1|-1|-1|0|-1|-1|-1|-1|-1|0|-1|-1|-1|-1|0|-1|-1|1|0|-1|-1|1|-1|-1|,5,8,10,7-9-12-17-19-20-21-24-27-28-30-31-32-34-40-42-43-46-50-51-52-60-63-65-68-69-70-71-72-76-79-81-91-96-99-101-103-106-114-116-120-124-126-133-136-144-151-157-161-164-172-173-175-183-185,55,0.066122,0.044036,0.029778,0.741662,3.500000,11.656250,3,0
33,|0|0|0|1|1|,|0|0|0|1|1|_|0|-1|-1|1|0|-1|-1|1|-1|-1|,|0|0|0|0|0|0|1|1|_|0|-1|-1|-1|-1|-1|-1|0|-1|-1|-1|-1|-1|0|-1|-1|-1|-1|0|-1|-1|1|0|-1|-1|1|-1|-1|-|0|0|0|0|0|0|1|1|_|0|-1|-1|-1|-1|-1|-1|0|-1|-1|-1|-1|-1|0|-1|-1|-1|1|0|-1|-1|-1|0|1|-1|-1|-1|-1|,5,8,6,5-15-16-25-28-31-51-56-59-64-80-95-101-109-112-116-118-128-139-154-155-159-163-168-170-180,26,-0.006847,0.034726,0.035119,-1.183785,-10.500000,-40.739583,2,-1
34,|0|0|0|1|2|,|0|0|0|1|2|_|0|-1|1|-1|1|-1|-1|-1|-1|1|-|0|0|0|1|2|_|0|-1|1|-1|1|-1|-1|-1|-1|2|,|0|0|0|0|0|0|1|2|_|0|-1|-1|-1|-1|-1|-1|0|-1|-1|-1|-1|-1|0|-1|-1|-1|-1|0|-1|1|-1|1|-1|-1|-1|-1|1|-|0|0|0|0|0|0|1|2|_|0|-1|-1|-1|-1|-1|-1|0|-1|-1|-1|-1|-1|0|-1|-1|1|-1|0|1|-1|-1|-1|-1|-1|-1|-1|1|-|0|0|0|0|0|1|2|2|_|0|-1|-1|-1|-1|-1|-1|0|-1|-1|-1|-1|-1|0|-1|1|-1|-1|1|-1|-1|-1|-1|-1|-1|1|2|-1|-|0|0|0|0|0|0|1|2|_|0|-1|-1|-1|-1|-1|-1|0|-1|-1|-1|-1|-1|0|-1|-1|-1|-1|0|1|-1|-1|-1|1|-1|-1|-1|1|-|0|0|0|0|0|1|2|0|_|0|-1|-1|-1|-1|-1|-1|0|-1|-1|-1|-1|-1|0|-1|-1|-1|1|0|1|-1|-1|-1|-1|-1|1|-1|-1|-|0|0|0|0|0|1|2|2|_|0|-1|-1|-1|-1|-1|-1|0|-1|-1|-1|-1|-1|0|1|-1|-1|-1|-1|1|-1|-1|-1|-1|-1|1|2|-1|-|0|0|0|0|0|1|2|2|_|0|-1|-1|-1|-1|-1|-1|0|-1|-1|1|-1|-1|0|1|-1|-1|-1|-1|-1|-1|-1|-1|-1|-1|1|2|-1|-|0|0|0|0|0|0|1|2|_|0|-1|-1|-1|-1|-1|-1|0|-1|-1|-1|-1|-1|0|-1|-1|-1|-1|0|-1|1|-1|1|-1|-1|-1|-1|2|-|0|0|0|0|0|0|1|2|_|0|-1|-1|-1|-1|-1|-1|0|-1|-1|-1|-1|-1|0|-1|-1|1|-1|0|1|-1|-1|-1|-1|-1|-1|-1|2|-|0|0|0|0|0|0|1|2|_|0|-1|-1|-1|-1|-1|-1|0|-1|-1|-1|-1|-1|0|-1|-1|-1|-1|0|1|-1|-1|-1|1|-1|-1|-1|2|-|0|0|0|0|0|1|2|0|_|0|-1|-1|-1|-1|-1|-1|0|-1|-1|-1|-1|-1|0|-1|-1|-1|1|0|1|-1|-1|-1|-1|-1|2|-1|-1|,5,8,26,3-6-28-30-31-35-54-56-66-68-72-79-81-101-109-111-116-118-120-122-131-147-170-183,24,0.000226,0.032438,0.034469,-0.934510,0.333333,-0.140625,2,1
35,|0|0|0|0|0|0|,|0|0|0|0|0|0|_|0|-1|-1|-1|-1|0|-1|-1|-1|0|-1|-1|0|-1|1|,|0|0|0|0|0|0|0|_|0|-1|-1|-1|-1|-1|0|-1|-1|-1|-1|0|-1|-1|-1|0|-1|-1|0|-1|1|,6,7,2,3-6-7-9-12-15-17-19-20-21-22-24-27-28-29-30-31-32-34-35-36-37-40-42-43-45-46-50-51-52-54-56-57-58-60-63-65-66-68-69-70-71-72-73-74-76-77-79-81-83-84-85-87-90-91-96-98-99-100-101-103-106-107-109-110-111-113-114-116-117-118-120-122-124-126-127-130-131-133-136-144-145-147-151-152-155-157-161-164-170-172-173-175-178-181-183-185,97,0.050560,0.053905,0.024162,-0.138444,3.833333,26.520833,3,1
36,|0|0|0|0|0|0|,|0|0|0|0|0|0|_|0|-1|-1|-1|-1|0|-1|-1|0|0|-1|-1|1|-1|-1|,|0|0|0|0|0|0|0|0|_|0|-1|-1|-1|-1|-1|-1|0|-1|-1|-1|-1|-1|0|-1|-1|-1|-1|0|-1|-1|0|0|-1|-1|1|-1|-1|-|0|0|0|0|0|0|0|0|_|0|-1|-1|-1|-1|-1|-1|0|-1|-1|-1|-1|-1|0|-1|-1|-1|0|0|-1|-1|-1|0|1|-1|-1|-1|-1|-|0|0|0|0|0|0|0|0|_|0|-1|-1|-1|-1|-1|-1|0|-1|-1|-1|-1|-1|0|-1|-1|0|-1|0|-1|-1|-1|1|-1|-1|-1|-1|0|,6,8,5,3-12-15-22-29-30-35-42-45-50-51-54-57-58-66-70-73-79-81-84-85-90-98-100-103-106-107-111-117-120-124-127-133-136-147-151-152-164-173-183,40,0.060661,0.062925,0.021399,-0.105812,1.666667,19.937500,3,1
37,|0|0|0|0|0|0|,|0|0|0|0|0|0|_|0|-1|-1|-1|-1|0|-1|-1|0|0|0|-1|-1|-1|-1|,|0|0|0|0|0|0|0|0|_|0|-1|-1|-1|-1|-1|-1|0|-1|-1|-1|-1|-1|0|-1|-1|-1|-1|0|-1|-1|0|0|0|-1|-1|-1|-1|-|0|0|0|0|0|0|0|0|_|0|-1|-1|-1|-1|-1|-1|0|-1|-1|-1|-1|-1|0|-1|-1|-1|0|0|-1|0|-1|0|-1|-1|-1|-1|-1|-|0|0|0|0|0|0|0|0|_|0|-1|-1|-1|-1|-1|-1|0|-1|-1|-1|-1|-1|0|-1|-1|0|-1|0|0|-1|-1|-1|-1|-1|-1|-1|0|,6,8,5,0-3-5-10-11-12-14-15-22-23-26-29-30-33-35-39-42-45-47-49-50-51-54-57-58-59-64-66-67-70-73-79-81-84-85-86-89-90-92-93-94-95-97-98-100-102-103-105-106-107-108-111-117-120-121-124-127-133-135-136-139-147-151-152-156-158-160-162-163-164-165-166-173-179-182-183-186,77,0.105336,0.068283,0.016724,2.215581,5.500000,28.791667,5,1
38,|0|0|0|0|0|0|,|0|0|0|0|0|0|_|0|-1|-1|-1|-1|0|-1|-1|1|0|0|-1|-1|-1|-1|,|0|0|0|0|0|0|0|0|_|0|-1|-1|-1|-1|-1|-1|0|-1|-1|-1|-1|-1|0|-1|-1|-1|-1|0|-1|-1|1|0|0|-1|-1|-1|-1|-|0|0|0|0|0|0|0|0|_|0|-1|-1|-1|-1|-1|-1|0|-1|-1|-1|-1|-1|0|-1|-1|-1|1|0|-1|0|-1|0|-1|-1|-1|-1|-1|,6,8,4,3-12-15-22-29-30-42-45-50-51-54-57-58-66-70-73-79-81-84-85-90-98-100-103-106-107-111-117-120-124-127-133-136-147-151-152-164-173-183,39,0.064198,0.067660,0.016692,-0.207443,1.666667,17.343750,3,1
39,|0|0|0|0|0|0|,|0|0|0|0|0|0|_|0|-1|-1|-1|-1|0|-1|-1|1|1|-1|-1|1|-1|0|,|0|0|0|0|0|0|0|_|0|-1|-1|-1|-1|-1|0|-1|-1|-1|-1|0|-1|-1|1|1|-1|-1|1|-1|0|-|0|0|0|0|0|0|0|_|0|-1|-1|-1|-1|-1|0|-1|-1|1|-1|1|-1|-1|-1|1|-1|-1|0|-1|0|,6,7,3,7-9-17-19-21-24-27-28-32-34-40-52-60-63-68-71-96-101-157,19,0.033867,0.044773,0.009703,-1.123938,2.666667,6.885417,3,0
40,|0|0|0|0|0|0|,|0|0|0|0|0|0|_|0|-1|-1|-1|-1|0|-1|0|-1|1|-1|-1|-1|-1|1|,|0|0|0|0|0|0|0|0|_|0|-1|-1|-1|-1|-1|-1|0|-1|-1|-1|-1|-1|0|-1|-1|-1|-1|0|-1|0|-1|1|-1|-1|-1|-1|1|-|0|0|0|0|0|0|0|0|_|0|-1|-1|-1|-1|-1|-1|0|-1|-1|-1|-1|-1|0|-1|-1|0|-1|0|1|-1|-1|-1|-1|-1|-1|-1|1|-|0|0|0|0|0|0|0|0|_|0|-1|-1|-1|-1|-1|-1|0|-1|-1|-1|-1|0|0|-1|0|-1|-1|1|-1|-1|-1|-1|-1|-1|1|-1|-1|,6,8,5,3-12-15-22-29-30-42-58-66-73-79-81-84-85-98-106-107-111-120-127-136-147-151-152-164-173-183,27,0.048127,0.048127,0.000000,0.000000,1.333333,10.260417,3,0
41,|0|0|0|0|0|0|,|0|0|0|0|0|0|_|0|-1|-1|-1|-1|0|-1|1|-1|1|-1|-1|-1|-1|1|,|0|0|0|0|0|0|0|0|_|0|-1|-1|-1|-1|-1|-1|0|-1|-1|-1|-1|-1|0|-1|-1|-1|-1|0|-1|1|-1|1|-1|-1|-1|-1|1|-|0|0|0|0|0|0|0|0|_|0|-1|-1|-1|-1|-1|-1|0|-1|-1|-1|-1|-1|0|-1|-1|1|-1|0|1|-1|-1|-1|-1|-1|-1|-1|1|,6,8,4,7-9-17-19-21-24-27-28-32-34-40-43-45-46-50-51-52-57-60-63-68-70-71-90-91-96-100-101-103-114-117-157-175,33,0.058822,0.044773,0.009703,1.447933,2.666667,7.802083,3,0
42,|0|0|0|0|0|0|,|0|0|0|0|0|0|_|0|-1|-1|-1|-1|1|-1|-1|-1|0|-1|-1|1|-1|1|,|0|0|0|0|0|0|0|0|_|0|-1|-1|-1|-1|-1|-1|0|-1|-1|-1|-1|-1|0|-1|-1|-1|-1|1|-1|-1|-1|0|-1|-1|1|-1|1|-|0|0|0|0|0|0|0|0|_|0|-1|-1|-1|-1|-1|-1|0|-1|-1|-1|-1|-1|1|-1|-1|-1|-1|0|-1|-1|-1|0|1|-1|-1|-1|1|-|0|0|0|0|0|0|0|0|_|0|-1|-1|-1|-1|-1|-1|0|-1|-1|-1|-1|-1|1|-1|-1|-1|-1|0|-1|-1|0|1|-1|-1|1|-1|-1|-|0|0|0|0|0|0|0|0|_|0|-1|-1|-1|-1|-1|-1|0|-1|-1|-1|-1|-1|0|-1|-1|1|-1|1|-1|-1|-1|0|-1|-1|-1|-1|1|-|0|0|0|0|0|0|0|0|_|0|-1|-1|-1|-1|-1|-1|0|-1|-1|-1|1|-1|0|1|-1|-1|-1|-1|-1|-1|-1|0|-1|-1|-1|-1|1|-|0|0|0|0|0|0|0|0|_|0|-1|-1|-1|-1|-1|-1|0|-1|-1|-1|-1|-1|0|-1|-1|1|-1|1|-1|-1|-1|1|-1|-1|-1|-1|0|,6,8,10,7-9-17-19-21-24-27-28-32-34-40-43-46-52-60-63-68-71-91-96-101-157,22,0.039215,0.041610,0.002248,-1.065441,1.000000,2.317708,3,0
43,|0|0|0|0|0|0|,|0|0|0|0|0|0|_|0|-1|-1|-1|1|0|-1|-1|-1|1|-1|-1|0|-1|-1|-|0|0|0|0|0|0|0|_|0|-1|-1|-1|-1|-1|0|-1|-1|-1|-1|1|-1|-1|-1|0|-1|-1|0|-1|1|-|0|0|0|0|0|0|0|_|0|-1|-1|-1|-1|-1|0|-1|-1|1|-1|0|-1|-1|-1|1|-1|-1|-1|-1|0|,|0|0|0|0|0|0|0|0|_|0|-1|-1|-1|-1|-1|-1|0|-1|-1|-1|-1|-1|0|-1|-1|-1|1|0|-1|-1|-1|1|-1|-1|0|-1|-1|-|0|0|0|0|0|0|0|0|_|0|-1|-1|-1|-1|-1|-1|0|-1|-1|-1|-1|1|0|-1|-1|-1|-1|0|1|-1|-1|-1|-1|-1|0|-1|-1|-|0|0|0|0|0|0|0|0|_|0|-1|-1|-1|-1|-1|-1|0|-1|-1|-1|-1|1|0|-1|-1|-1|-1|1|-1|-1|-1|0|-1|-1|0|-1|-1|-|0|0|0|0|0|0|0|0|_|0|-1|-1|-1|-1|-1|-1|0|-1|-1|-1|-1|-1|0|-1|-1|-1|-1|1|-1|-1|-1|0|-1|-1|0|-1|1|-|0|0|0|0|0|0|0|0|_|0|-1|-1|-1|-1|-1|-1|0|-1|-1|1|-1|-1|0|-1|-1|-1|-1|1|-1|-1|-1|-1|-1|-1|0|-1|0|-|0|0|0|0|0|0|0|0|_|0|-1|-1|-1|-1|-1|-1|0|-1|-1|-1|-1|-1|0|-1|-1|1|-1|0|-1|-1|-1|1|-1|-1|-1|-1|0|,6,8,10,3-6-12-15-30-42-66-73-79-81-106-107-120-122-136-151-164-173-183,19,0.023229,0.033956,0.017432,-0.615335,1.000000,3.135417,3,0
44,|0|0|0|0|0|1|,|0|0|0|0|0|1|_|0|-1|-1|-1|1|0|-1|-1|-1|0|-1|-1|1|-1|-1|,|0|0|0|0|0|1|_|0|-1|-1|-1|1|0|-1|-1|-1|0|-1|-1|1|-1|-1|,6,6,1,3-6-7-9-12-15-17-19-20-21-24-27-28-30-31-32-34-36-37-40-43-46-50-51-52-56-60-62-63-65-66-68-70-71-74-77-81-83-87-91-96-101-103-106-107-109-110-111-113-114-116-118-120-122-126-127-130-136-144-145-147-152-155-157-161-164-170-172-173-175-178-183,72,0.053871,0.044036,0.029778,0.330250,1.000000,7.697917,3,0
45,|0|0|0|0|0|1|,|0|0|0|0|0|1|_|0|-1|-1|-1|1|0|-1|-1|-1|0|0|-1|-1|-1|-1|,|0|0|0|0|0|0|0|1|_|0|-1|-1|-1|-1|-1|-1|0|-1|-1|-1|-1|-1|0|-1|-1|-1|1|0|-1|-1|-1|0|0|-1|-1|-1|-1|-|0|0|0|0|0|0|1|0|_|0|-1|-1|-1|-1|-1|-1|0|-1|-1|-1|-1|-1|0|-1|-1|-1|0|0|-1|-1|-1|0|1|-1|-1|-1|-1|-|0|0|0|0|0|0|1|2|_|0|-1|-1|-1|-1|-1|-1|0|-1|-1|-1|1|-1|0|-1|-1|-1|-1|0|0|-1|-1|-1|-1|-1|-1|-1|1|-|0|0|0|0|0|0|1|2|_|0|-1|-1|-1|-1|-1|-1|0|-1|-1|-1|1|-1|0|-1|-1|-1|-1|0|0|-1|-1|-1|-1|-1|-1|-1|2|-|0|0|0|0|0|0|1|0|_|0|-1|-1|-1|-1|-1|-1|0|-1|-1|-1|-1|-1|0|-1|-1|-1|-1|0|-1|-1|0|0|-1|-1|1|-1|-1|-|0|0|0|0|0|1|2|0|_|0|-1|-1|-1|-1|-1|-1|0|-1|-1|-1|-1|-1|0|-1|-1|-1|0|0|-1|-1|-1|1|-1|-1|1|-1|-1|-|0|0|0|0|0|1|2|0|_|0|-1|-1|-1|-1|-1|-1|0|-1|-1|-1|-1|-1|0|-1|-1|-1|0|0|-1|-1|-1|1|-1|-1|2|-1|-1|-|0|0|0|0|0|1|2|2|_|0|-1|-1|-1|1|-1|-1|0|-1|-1|-1|-1|-1|0|0|-1|-1|-1|-1|-1|-1|-1|-1|-1|-1|1|2|-1|,6,8,13,0-1-3-5-10-11-12-14-15-18-23-26-30-33-35-38-39-42-45-47-49-50-51-54-57-59-64-66-67-70-73-81-86-89-90-92-93-94-95-97-100-102-103-104-105-106-107-108-111-117-120-121-124-127-133-135-136-139-147-151-152-156-158-160-162-163-165-166-173-179-181-182-183-186,74,0.078712,0.057080,0.028987,0.746271,5.500000,21.802083,4,1
46,|0|0|0|0|0|1|,|0|0|0|0|0|1|_|0|-1|-1|-1|1|0|-1|-1|-1|1|-1|-1|0|-1|-1|,|0|0|0|0|0|0|0|1|_|0|-1|-1|-1|-1|-1|-1|0|-1|-1|-1|-1|-1|0|-1|-1|-1|-1|1|-1|-1|-1|0|-1|-1|0|-1|1|-|0|0|0|0|0|0|0|1|_|0|-1|-1|-1|-1|-1|-1|0|-1|-1|-1|-1|-1|0|1|-1|-1|-1|-1|-1|-1|-1|0|-1|-1|0|-1|1|-|0|0|0|0|0|0|0|1|_|0|-1|-1|-1|-1|-1|-1|0|-1|-1|-1|-1|1|0|-1|-1|-1|-1|1|-1|-1|-1|0|-1|-1|0|-1|-1|-|0|0|0|0|0|0|0|1|_|0|-1|-1|-1|-1|-1|1|0|-1|-1|-1|-1|-1|0|1|-1|-1|-1|-1|-1|-1|-1|0|-1|-1|0|-1|-1|-|0|0|0|0|0|0|0|1|_|0|-1|-1|-1|-1|-1|-1|0|-1|-1|-1|-1|-1|0|-1|-1|-1|1|0|-1|-1|-1|1|-1|-1|0|-1|-1|-|0|0|0|0|0|0|0|1|_|0|-1|-1|-1|-1|-1|-1|0|-1|-1|-1|-1|1|0|-1|-1|-1|-1|0|1|-1|-1|-1|-1|-1|0|-1|-1|-|0|0|0|0|0|0|0|1|_|0|-1|-1|-1|-1|-1|-1|0|-1|-1|-1|-1|1|0|-1|-1|-1|-1|1|-1|-1|-1|0|0|-1|-1|-1|-1|-|0|0|0|0|0|0|0|1|_|0|-1|-1|-1|-1|-1|1|0|-1|-1|-1|-1|-1|0|1|-1|-1|-1|-1|-1|-1|-1|0|0|-1|-1|-1|-1|-|0|0|0|0|0|1|0|0|_|0|-1|-1|-1|-1|-1|-1|0|-1|-1|-1|-1|-1|0|-1|-1|1|-1|0|-1|-1|-1|1|-1|-1|-1|-1|0|,6,8,14,12-17-20-30-31-42-65-72-76-79-81-99-106-116-120-126-136-144-151-161-164-172-173-183,24,0.021503,0.040107,0.018600,-1.000243,1.000000,4.390625,3,0
47,|0|0|0|0|0|1|,|0|0|0|0|0|1|_|0|-1|-1|-1|1|0|-1|-1|-1|1|-1|-1|1|-1|-1|,|0|0|0|0|0|0|0|1|_|0|-1|-1|-1|-1|-1|-1|0|-1|-1|-1|-1|-1|0|-1|-1|-1|1|0|-1|-1|-1|1|-1|-1|1|-1|-1|-|0|0|0|0|0|0|0|1|_|0|-1|-1|-1|-1|-1|-1|0|-1|-1|-1|-1|1|0|-1|-1|-1|-1|0|1|-1|-1|-1|-1|-1|1|-1|-1|-|0|0|0|0|0|0|1|2|_|0|-1|-1|-1|-1|-1|-1|0|-1|-1|-1|1|-1|0|-1|-1|-1|-1|1|-1|-1|-1|1|-1|-1|-1|-1|1|-|0|0|0|0|0|0|1|2|_|0|-1|-1|-1|-1|-1|-1|0|-1|-1|-1|1|-1|0|-1|-1|-1|-1|1|-1|-1|-1|1|-1|-1|-1|-1|2|-|0|0|0|0|0|0|1|2|_|0|-1|-1|-1|-1|1|-1|0|-1|-1|-1|-1|-1|0|1|-1|-1|-1|-1|-1|-1|-1|1|-1|-1|-1|-1|1|-|0|0|0|0|0|0|1|2|_|0|-1|-1|-1|-1|1|-1|0|-1|-1|-1|-1|-1|0|1|-1|-1|-1|-1|-1|-1|-1|1|-1|-1|-1|-1|2|-|0|0|0|0|0|1|0|0|_|0|-1|-1|-1|-1|-1|-1|0|-1|-1|-1|-1|-1|0|-1|-1|1|-1|0|-1|-1|-1|1|-1|-1|-1|-1|1|-|0|0|0|0|0|1|2|2|_|0|-1|-1|-1|1|-1|-1|0|-1|-1|-1|-1|-1|1|-1|-1|-1|-1|1|-1|-1|-1|-1|-1|-1|1|2|-1|,6,8,13,7-9-19-21-24-27-28-32-34-40-43-46-50-51-52-60-63-68-69-70-71-91-96-101-103-124-133-157-175-185,30,0.042836,0.046560,0.013583,-0.274125,1.000000,4.473958,3,0
48,|0|0|0|0|1|2|,|0|0|0|0|1|2|_|0|-1|-1|1|-1|0|-1|-1|-1|1|-1|-1|-1|-1|1|-|0|0|0|0|1|2|_|0|-1|-1|1|-1|0|-1|-1|-1|1|-1|-1|-1|-1|2|,|0|0|0|0|0|0|1|2|_|0|-1|-1|-1|-1|-1|-1|0|-1|-1|-1|-1|-1|0|-1|-1|1|-1|0|-1|-1|-1|1|-1|-1|-1|-1|1|-|0|0|0|0|0|0|1|2|_|0|-1|-1|-1|-1|-1|-1|0|-1|-1|-1|1|-1|0|-1|-1|-1|-1|0|1|-1|-1|-1|-1|-1|-1|-1|1|-|0|0|0|0|0|1|2|2|_|0|-1|-1|-1|-1|-1|-1|0|-1|-1|1|-1|-1|0|-1|-1|-1|-1|1|-1|-1|-1|-1|-1|-1|1|2|-1|-|0|0|0|0|0|1|2|0|_|0|-1|-1|-1|-1|-1|-1|0|-1|-1|-1|-1|-1|0|-1|-1|-1|1|0|-1|-1|-1|1|-1|-1|1|-1|-1|-|0|0|0|0|0|1|2|2|_|0|-1|-1|-1|1|-1|-1|0|-1|-1|-1|-1|-1|0|1|-1|-1|-1|-1|-1|-1|-1|-1|-1|-1|1|2|-1|-|0|0|0|0|0|0|1|2|_|0|-1|-1|-1|-1|-1|-1|0|-1|-1|-1|-1|-1|0|-1|-1|1|-1|0|-1|-1|-1|1|-1|-1|-1|-1|2|-|0|0|0|0|0|0|1|2|_|0|-1|-1|-1|-1|-1|-1|0|-1|-1|-1|1|-1|0|-1|-1|-1|-1|0|1|-1|-1|-1|-1|-1|-1|-1|2|-|0|0|0|0|0|1|2|0|_|0|-1|-1|-1|-1|-1|-1|0|-1|-1|-1|-1|-1|0|-1|-1|-1|1|0|-1|-1|-1|1|-1|-1|2|-1|-1|,6,8,15,7-9-12-17-19-20-21-24-27-28-30-31-32-34-40-42-43-46-50-51-52-60-63-65-68-69-70-71-76-79-81-91-96-99-101-103-106-114-116-120-124-126-133-136-151-157-161-164-172-173-175-183-185,53,0.067876,0.036885,0.031027,0.998819,6.000000,6.359375,4,1
49,|0|0|0|1|2|1|,|0|0|0|1|2|1|_|0|-1|-1|-1|1|0|-1|-1|-1|1|-1|-1|1|-1|-1|-|0|0|0|1|2|1|_|0|-1|-1|-1|1|0|-1|-1|-1|1|-1|-1|2|-1|-1|,|0|0|0|0|0|1|2|1|_|0|-1|-1|-1|-1|-1|-1|0|-1|-1|-1|-1|-1|0|-1|-1|-1|1|0|-1|-1|-1|1|-1|-1|1|-1|-1|-|0|0|0|0|0|1|2|1|_|0|-1|-1|-1|-1|-1|-1|0|-1|-1|-1|-1|1|0|-1|-1|-1|-1|0|1|-1|-1|-1|-1|-1|1|-1|-1|-|0|0|0|0|1|2|2|1|_|0|-1|-1|-1|-1|-1|-1|0|-1|-1|-1|-1|1|0|-1|-1|-1|-1|1|-1|-1|-1|1|2|-1|-1|-1|-1|-|0|0|0|0|0|1|2|1|_|0|-1|-1|-1|-1|-1|-1|0|-1|-1|-1|-1|-1|0|-1|-1|-1|1|0|-1|-1|-1|1|-1|-1|2|-1|-1|-|0|0|0|0|0|1|2|1|_|0|-1|-1|-1|-1|-1|-1|0|-1|-1|-1|-1|1|0|-1|-1|-1|-1|0|1|-1|-1|-1|-1|-1|2|-1|-1|,6,8,10,5-15-25-28-31-51-56-59-64-80-95-101-109-112-116-118-128-139-154-155-159-163-168-170-180,25,-0.003310,0.031557,0.035229,-0.989722,-11.333333,-45.338542,2,-1
50,|0|0|0|0|0|0|0|,|0|0|0|0|0|0|0|_|0|-1|-1|-1|-1|-1|0|-1|-1|-1|-1|0|-1|0|-1|0|-1|-1|-1|-1|1|,|0|0|0|0|0|0|0|0|_|0|-1|-1|-1|-1|-1|-1|0|-1|-1|-1|-1|-1|0|-1|-1|-1|-1|0|-1|0|-1|0|-1|-1|-1|-1|1|-|0|0|0|0|0|0|0|0|_|0|-1|-1|-1|-1|-1|-1|0|-1|-1|-1|-1|-1|0|-1|-1|0|-1|0|0|-1|-1|-1|-1|-1|-1|-1|1|,7,8,3,3-12-15-22-29-30-42-45-50-51-54-57-58-66-70-73-79-81-84-85-90-98-100-103-106-107-111-117-120-124-127-133-136-147-151-152-164-173-183,39,0.064198,0.068283,0.016724,-0.244296,1.666667,14.291667,3,1
51,|0|0|0|0|0|0|0|,|0|0|0|0|0|0|0|_|0|-1|-1|-1|-1|-1|0|-1|-1|-1|0|0|-1|-1|-1|0|-1|-1|1|-1|-1|,|0|0|0|0|0|0|0|0|_|0|-1|-1|-1|-1|-1|-1|0|-1|-1|-1|-1|-1|0|-1|-1|-1|0|0|-1|-1|-1|0|-1|-1|1|-1|-1|,7,8,2,22-29-35-45-50-51-57-58-70-73-84-85-90-100-103-117-124-133-181,19,0.023229,0.065870,0.018575,-2.295594,7.333333,27.156250,5,1
52,|0|0|0|0|0|0|0|,|0|0|0|0|0|0|0|_|0|-1|-1|-1|-1|-1|0|-1|-1|-1|0|0|-1|-1|-1|0|0|-1|-1|-1|-1|,|0|0|0|0|0|0|0|0|_|0|-1|-1|-1|-1|-1|-1|0|-1|-1|-1|-1|-1|0|-1|-1|-1|0|0|-1|-1|-1|0|0|-1|-1|-1|-1|,7,8,2,0-5-10-11-14-22-23-26-29-45-47-50-51-57-58-67-70-84-85-89-90-92-93-95-100-102-103-105-108-117-121-124-133-135-156-158-160-162-163-165-166-179-182-186,44,0.078429,0.068283,0.016724,0.606679,5.333333,22.875000,4,1
53,|0|0|0|0|0|0|0|,|0|0|0|0|0|0|0|_|0|-1|-1|-1|-1|-1|0|-1|-1|-1|1|0|-1|-1|-1|0|0|-1|-1|-1|-1|,|0|0|0|0|0|0|0|0|_|0|-1|-1|-1|-1|-1|-1|0|-1|-1|-1|-1|-1|0|-1|-1|-1|1|0|-1|-1|-1|0|0|-1|-1|-1|-1|,7,8,2,3-12-15-22-29-30-35-42-45-50-51-54-57-58-66-70-73-79-81-84-85-90-98-100-103-106-107-111-117-120-124-127-133-136-147-151-152-164-173-183,40,0.060661,0.067660,0.016692,-0.419319,1.666667,17.927083,3,1
54,|0|0|0|0|0|0|0|,|0|0|0|0|0|0|0|_|0|-1|-1|-1|-1|-1|0|-1|-1|-1|1|0|-1|0|-1|1|-1|-1|-1|-1|-1|,|0|0|0|0|0|0|0|0|_|0|-1|-1|-1|-1|-1|-1|0|-1|-1|-1|-1|-1|0|-1|-1|-1|1|0|-1|0|-1|1|-1|-1|-1|-1|-1|-|0|0|0|0|0|0|0|0|_|0|-1|-1|-1|-1|-1|-1|0|-1|-1|-1|-1|1|0|-1|-1|0|-1|0|1|-1|-1|-1|-1|-1|-1|-1|-1|,7,8,3,3-12-15-22-29-30-42-58-66-73-79-81-84-85-98-106-107-111-120-127-136-147-151-152-164-173-183,27,0.048127,0.039828,0.011737,0.707107,1.333333,12.786458,3,0
55,|0|0|0|0|0|0|0|,|0|0|0|0|0|0|0|_|0|-1|-1|-1|0|-1|0|-1|-1|-1|-1|0|-1|-1|-1|0|-1|-1|0|-1|0|,|0|0|0|0|0|0|0|_|0|-1|-1|-1|0|-1|0|-1|-1|-1|-1|0|-1|-1|-1|0|-1|-1|0|-1|0|,7,7,1,0-1-2-3-5-10-11-12-14-15-18-22-23-26-29-30-33-35-38-39-42-45-47-49-50-51-54-57-58-59-64-66-67-70-73-79-81-84-85-86-89-90-92-93-94-95-97-98-100-102-103-104-105-106-107-108-111-117-120-121-124-127-133-135-136-139-147-151-152-156-158-160-162-163-164-165-166-173-179-181-182-183-186,83,0.089435,0.064697,0.017552,1.409420,6.666667,9.500000,5,1
56,|0|0|0|0|0|0|0|,|0|0|0|0|0|0|0|_|0|-1|-1|-1|0|-1|0|-1|-1|-1|-1|0|-1|-1|-1|0|-1|-1|0|-1|1|,|0|0|0|0|0|0|0|_|0|-1|-1|-1|0|-1|0|-1|-1|-1|-1|0|-1|-1|-1|0|-1|-1|0|-1|1|,7,7,1,3-6-7-9-12-15-17-19-20-21-22-24-27-28-29-30-31-32-34-35-36-37-40-42-43-45-46-50-51-52-54-56-57-58-60-63-65-66-68-69-70-71-72-73-74-76-77-79-81-83-84-85-87-90-91-96-98-99-100-101-103-106-107-109-110-111-113-114-116-117-118-120-122-124-126-127-130-131-133-136-144-145-147-151-152-155-157-161-164-170-172-173-175-178-183-185,96,0.054097,0.055517,0.020830,-0.068161,1.000000,8.947917,3,0
57,|0|0|0|0|0|0|1|,|0|0|0|0|0|0|1|_|0|-1|-1|-1|-1|-1|0|-1|-1|-1|1|0|-1|-1|-1|0|-1|-1|1|-1|-1|-|0|0|0|0|0|0|1|_|0|-1|-1|-1|-1|1|0|-1|-1|-1|-1|0|-1|-1|-1|0|1|-1|-1|-1|-1|,|0|0|0|0|0|0|0|1|_|0|-1|-1|-1|-1|-1|-1|0|-1|-1|-1|-1|-1|0|-1|-1|-1|1|0|-1|-1|-1|0|-1|-1|1|-1|-1|-|0|0|0|0|0|0|0|1|_|0|-1|-1|-1|-1|-1|-1|0|-1|-1|-1|-1|1|0|-1|-1|-1|-1|0|-1|-1|-1|0|1|-1|-1|-1|-1|-|0|0|0|0|0|0|1|0|_|0|-1|-1|-1|-1|-1|-1|0|-1|-1|-1|-1|-1|0|-1|-1|-1|1|0|-1|-1|-1|0|-1|-1|1|-1|-1|,7,8,5,3-6-7-9-12-15-17-19-20-21-24-27-28-30-31-32-34-36-37-40-43-46-50-51-52-56-60-63-65-66-68-70-71-74-77-81-83-87-91-96-101-103-106-107-109-110-111-113-114-116-118-120-122-126-127-130-136-144-145-147-152-155-157-161-164-170-172-173-175-178-183,71,0.052088,0.051278,0.025206,0.032122,1.000000,7.828125,3,0
58,|0|0|0|0|0|0|1|,|0|0|0|0|0|0|1|_|0|-1|-1|-1|-1|1|0|-1|-1|-1|-1|0|-1|-1|-1|0|-1|-1|1|-1|-1|,|0|0|0|0|0|0|0|1|_|0|-1|-1|-1|-1|-1|-1|0|-1|-1|-1|-1|1|0|-1|-1|-1|-1|0|-1|-1|-1|0|-1|-1|1|-1|-1|-|0|0|0|0|0|0|0|1|_|0|-1|-1|-1|-1|-1|1|0|-1|-1|-1|-1|-1|0|-1|-1|-1|-1|0|-1|-1|-1|0|1|-1|-1|-1|-1|,7,8,3,7-9-12-17-19-20-21-24-27-28-30-31-32-34-40-42-43-46-50-51-52-60-63-65-68-69-71-72-73-76-79-81-91-96-99-100-101-106-114-116-120-124-126-133-136-144-151-157-161-164-172-173-175-183-185,55,0.066122,0.050297,0.028081,0.563532,1.000000,6.328125,3,0
59,|0|0|0|0|0|0|1|,|0|0|0|0|0|0|1|_|0|-1|-1|-1|-1|1|0|-1|-1|-1|-1|0|-1|-1|-1|0|0|-1|-1|-1|-1|,|0|0|0|0|0|0|0|1|_|0|-1|-1|-1|-1|-1|-1|0|-1|-1|-1|-1|1|0|-1|-1|-1|-1|0|-1|-1|-1|0|0|-1|-1|-1|-1|-|0|0|0|0|0|0|1|0|_|0|-1|-1|-1|-1|-1|-1|0|-1|-1|-1|-1|-1|0|-1|-1|-1|0|0|-1|-1|-1|0|-1|-1|1|-1|-1|-|0|0|0|0|0|0|1|2|_|0|-1|-1|-1|-1|1|-1|0|-1|-1|-1|-1|-1|0|-1|-1|-1|-1|0|0|-1|-1|-1|-1|-1|-1|-1|1|-|0|0|0|0|0|0|1|2|_|0|-1|-1|-1|-1|1|-1|0|-1|-1|-1|-1|-1|0|-1|-1|-1|-1|0|0|-1|-1|-1|-1|-1|-1|-1|2|-|0|0|0|0|0|1|0|0|_|0|-1|-1|-1|-1|-1|-1|0|-1|-1|-1|-1|0|0|-1|-1|0|-1|0|-1|-1|-1|1|-1|-1|-1|-1|-1|,7,8,6,0-3-5-10-11-12-14-23-26-30-33-35-42-45-47-50-51-54-57-59-64-66-67-70-73-81-86-89-90-92-93-94-95-100-102-103-105-106-108-111-117-120-121-124-133-135-136-147-151-156-158-160-162-163-165-166-179-182-186,59,0.083890,0.056670,0.026497,1.027280,4.666667,16.817708,4,1
60,|0|0|0|0|0|0|1|,|0|0|0|0|0|0|1|_|0|-1|-1|-1|-1|1|0|-1|-1|-1|-1|0|-1|-1|-1|1|-1|-1|0|-1|-1|,|0|0|0|0|0|0|0|1|_|0|-1|-1|-1|-1|-1|-1|0|-1|-1|-1|-1|1|0|-1|-1|-1|-1|0|-1|-1|-1|1|-1|-1|0|-1|-1|-|0|0|0|0|0|0|0|1|_|0|-1|-1|-1|-1|-1|1|0|-1|-1|-1|-1|-1|0|-1|-1|-1|-1|0|1|-1|-1|-1|-1|-1|0|-1|-1|-|0|0|0|0|0|0|0|1|_|0|-1|-1|-1|-1|-1|1|0|-1|-1|-1|-1|-1|0|-1|-1|-1|-1|1|-1|-1|-1|0|-1|-1|0|-1|-1|-|0|0|0|0|0|0|0|1|_|0|-1|-1|-1|-1|-1|1|0|-1|-1|-1|-1|-1|0|-1|-1|-1|-1|1|-1|-1|-1|0|0|-1|-1|-1|-1|,7,8,5,3-6-7-9-12-15-19-20-21-24-27-28-30-31-32-34-37-40-43-46-52-56-60-63-65-66-68-71-74-77-81-91-96-101-106-107-109-113-116-118-120-122-126-136-144-145-157-161-164-170-172-173-183,53,0.051918,0.038649,0.018082,0.733838,1.000000,3.807292,3,0
61,|0|0|0|0|0|0|1|,|0|0|0|0|0|0|1|_|0|-1|-1|-1|-1|1|0|-1|-1|-1|-1|0|-1|1|-1|1|-1|-1|-1|-1|-1|,|0|0|0|0|0|0|0|1|_|0|-1|-1|-1|-1|-1|-1|0|-1|-1|-1|-1|1|0|-1|-1|-1|-1|0|-1|1|-1|1|-1|-1|-1|-1|-1|-|0|0|0|0|0|0|1|2|_|0|-1|-1|-1|-1|1|-1|0|-1|-1|-1|-1|-1|0|-1|1|-1|-1|1|-1|-1|-1|-1|-1|-1|-1|-1|1|-|0|0|0|0|0|0|1|2|_|0|-1|-1|-1|-1|1|-1|0|-1|-1|-1|-1|-1|0|-1|1|-1|-1|1|-1|-1|-1|-1|-1|-1|-1|-1|2|,7,8,4,7-9-17-19-21-24-27-28-32-34-40-43-46-50-51-52-60-63-68-70-71-91-96-101-103-114-157-164-173-175,30,0.053474,0.048638,0.012202,0.396338,2.666667,9.057292,3,0
62,|0|0|0|0|0|0|1|,|0|0|0|0|0|0|1|_|0|-1|-1|-1|-1|1|0|-1|-1|-1|-1|1|-1|-1|-1|1|-1|-1|0|-1|-1|,|0|0|0|0|0|0|0|1|_|0|-1|-1|-1|-1|-1|-1|0|-1|-1|-1|-1|-1|1|-1|-1|-1|-1|1|-1|-1|-1|0|-1|-1|0|-1|1|-|0|0|0|0|0|0|0|1|_|0|-1|-1|-1|-1|-1|-1|0|-1|-1|-1|-1|1|0|-1|-1|-1|-1|1|-1|-1|-1|1|-1|-1|0|-1|-1|-|0|0|0|0|0|0|0|1|_|0|-1|-1|-1|-1|-1|1|0|-1|-1|-1|-1|-1|0|1|-1|-1|-1|-1|-1|-1|-1|1|-1|-1|0|-1|-1|-|0|0|0|0|0|0|0|1|_|0|-1|-1|-1|-1|-1|1|0|-1|-1|-1|-1|-1|1|-1|-1|-1|-1|1|-1|-1|-1|0|-1|-1|1|-1|-1|-|0|0|0|0|0|0|0|1|_|0|-1|-1|-1|-1|-1|1|0|-1|-1|-1|-1|-1|1|-1|-1|-1|-1|1|-1|-1|-1|0|0|-1|-1|-1|-1|-|0|0|0|0|0|0|1|2|_|0|-1|-1|-1|-1|1|-1|0|-1|-1|-1|-1|-1|1|-1|-1|-1|-1|1|-1|-1|-1|0|-1|-1|-1|-1|1|-|0|0|0|0|0|0|1|2|_|0|-1|-1|-1|-1|1|-1|0|-1|-1|-1|-1|-1|1|-1|-1|-1|-1|1|-1|-1|-1|0|-1|-1|-1|-1|2|,7,8,8,7-9-19-21-24-27-28-32-34-40-52-60-63-68-71-96-101-157,18,0.032085,0.039215,0.007130,-1.000000,1.000000,3.028646,3,0
63,|0|0|0|0|0|1|1|,|0|0|0|0|0|1|1|_|0|-1|-1|-1|-1|1|0|-1|-1|-1|-1|0|-1|-1|-1|0|-1|-1|1|-1|-1|,|0|0|0|0|0|0|1|1|_|0|-1|-1|-1|-1|-1|-1|0|-1|-1|-1|-1|1|0|-1|-1|-1|-1|0|-1|-1|-1|0|-1|-1|1|-1|-1|,7,8,2,5-16-25-28-31-51-56-59-64-80-81-94-95-101-106-109-112-116-118-120-128-151-154-155-159-163-168-170-180,29,-0.001500,0.048495,0.030349,-1.647340,-4.666667,-9.515625,2,-1
64,|0|0|0|0|0|1|2|,|0|0|0|0|0|1|2|_|0|-1|-1|-1|1|-1|0|-1|-1|-1|-1|0|-1|-1|-1|1|-1|-1|-1|-1|1|-|0|0|0|0|0|1|2|_|0|-1|-1|-1|1|-1|0|-1|-1|-1|-1|0|-1|-1|-1|1|-1|-1|-1|-1|2|,|0|0|0|0|0|1|2|2|_|0|-1|-1|-1|1|-1|-1|0|-1|-1|-1|-1|-1|0|-1|-1|-1|-1|1|-1|-1|-1|-1|-1|-1|1|2|-1|,7,8,3,3-6-7-9-12-15-17-19-20-21-24-27-28-30-31-32-34-36-37-40-43-46-50-51-52-56-60-62-63-66-68-70-71-74-77-81-83-87-91-96-101-103-106-107-109-110-111-113-114-116-118-120-122-126-127-130-136-144-145-147-152-155-157-161-164-170-172-173-175-178-183,71,0.057407,0.038534,0.031973,0.590292,1.000000,1.359375,3,0
65,|0|0|0|0|0|1|2|,|0|0|0|0|0|1|2|_|0|-1|-1|-1|1|-1|0|-1|-1|-1|-1|1|-1|-1|-1|0|-1|-1|-1|-1|1|-|0|0|0|0|0|1|2|_|0|-1|-1|-1|1|-1|0|-1|-1|-1|-1|1|-1|-1|-1|0|-1|-1|-1|-1|2|,|0|0|0|0|0|0|1|2|_|0|-1|-1|-1|-1|-1|-1|0|-1|-1|-1|-1|-1|1|-1|-1|-1|-1|0|-1|-1|-1|0|-1|-1|1|-1|1|-|0|0|0|0|0|0|1|2|_|0|-1|-1|-1|-1|-1|-1|0|-1|-1|-1|1|-1|0|-1|-1|-1|-1|1|-1|-1|-1|0|-1|-1|-1|-1|1|-|0|0|0|0|0|0|1|2|_|0|-1|-1|-1|-1|1|-1|0|-1|-1|-1|-1|-1|0|1|-1|-1|-1|-1|-1|-1|-1|0|-1|-1|-1|-1|1|-|0|0|0|0|0|0|1|2|_|0|-1|-1|-1|-1|1|-1|0|-1|-1|-1|-1|-1|1|-1|-1|-1|-1|0|0|-1|-1|-1|-1|-1|-1|-1|1|-|0|0|0|0|0|1|2|2|_|0|-1|-1|-1|1|-1|-1|0|-1|-1|-1|-1|-1|1|-1|-1|-1|-1|0|-1|-1|-1|-1|-1|-1|1|2|-1|-|0|0|0|0|0|0|1|2|_|0|-1|-1|-1|-1|-1|-1|0|-1|-1|-1|-1|-1|1|-1|-1|-1|-1|0|-1|-1|-1|0|-1|-1|1|-1|2|-|0|0|0|0|0|0|1|2|_|0|-1|-1|-1|-1|-1|-1|0|-1|-1|-1|1|-1|0|-1|-1|-1|-1|1|-1|-1|-1|0|-1|-1|-1|-1|2|-|0|0|0|0|0|0|1|2|_|0|-1|-1|-1|-1|1|-1|0|-1|-1|-1|-1|-1|0|1|-1|-1|-1|-1|-1|-1|-1|0|-1|-1|-1|-1|2|-|0|0|0|0|0|0|1|2|_|0|-1|-1|-1|-1|1|-1|0|-1|-1|-1|-1|-1|1|-1|-1|-1|-1|0|0|-1|-1|-1|-1|-1|-1|-1|2|,7,8,11,12-17-20-30-31-42-65-76-79-81-99-106-116-120-126-136-151-161-164-172-173-183,22,0.023257,0.023257,0.000000,0.000000,3.500000,6.179687,3,0
66,|0|0|0|0|1|0|0|,|0|0|0|0|1|0|0|_|0|-1|-1|-1|-1|-1|0|-1|-1|-1|0|0|-1|0|-1|1|-1|-1|-1|-1|-1|,|0|0|0|0|0|1|0|0|_|0|-1|-1|-1|-1|-1|-1|0|-1|-1|-1|-1|-1|0|-1|-1|-1|0|0|-1|0|-1|1|-1|-1|-1|-1|-1|-|0|0|0|0|1|2|0|0|_|0|-1|-1|-1|-1|-1|-1|0|-1|-1|-1|-1|0|0|-1|-1|0|-1|1|-1|-1|-1|1|-1|-1|-1|-1|-1|-|0|0|0|0|1|2|0|0|_|0|-1|-1|-1|-1|-1|-1|0|-1|-1|-1|-1|0|0|-1|-1|0|-1|1|-1|-1|-1|2|-1|-1|-1|-1|-1|,7,8,4,5-10-11-12-14-15-23-26-39-45-49-50-51-57-59-64-67-70-81-89-90-92-93-94-95-97-100-103-105-106-107-108-117-121-127-135-136-139-152-156-158-160-163-165-166-173-179-182-183,49,0.071384,0.070612,0.007550,0.102257,7.500000,22.734375,4,1
67,|0|0|0|0|1|1|2|,|0|0|0|0|1|1|2|_|0|-1|-1|-1|-1|-1|0|-1|-1|1|-1|0|-1|-1|-1|1|-1|-1|-1|-1|1|-|0|0|0|0|1|1|2|_|0|-1|-1|-1|-1|-1|0|-1|-1|1|-1|0|-1|-1|-1|1|-1|-1|-1|-1|2|,|0|0|0|0|0|1|1|2|_|0|-1|-1|-1|-1|-1|-1|0|-1|-1|-1|-1|-1|0|-1|-1|1|-1|0|-1|-1|-1|1|-1|-1|-1|-1|1|-|0|0|0|0|1|1|2|2|_|0|-1|-1|-1|-1|-1|-1|0|-1|-1|1|-1|-1|0|-1|-1|-1|-1|1|-1|-1|-1|-1|-1|-1|1|2|-1|-|0|0|0|0|0|1|1|2|_|0|-1|-1|-1|-1|-1|-1|0|-1|-1|-1|-1|-1|0|-1|-1|1|-1|0|-1|-1|-1|1|-1|-1|-1|-1|2|,7,8,5,5-15-25-28-31-51-56-59-64-80-95-101-109-112-116-118-128-139-154-155-159-163-168-170-180,25,-0.003310,0.046028,0.031605,-1.561079,-6.333333,-22.432292,2,-1
68,|0|0|0|1|2|1|2|,|0|0|0|1|2|1|2|_|0|-1|-1|-1|1|-1|0|-1|-1|-1|-1|1|-1|-1|-1|1|-1|-1|-1|-1|1|,|0|0|0|0|1|2|1|2|_|0|-1|-1|-1|-1|-1|-1|0|-1|-1|-1|1|-1|0|-1|-1|-1|-1|1|-1|-1|-1|1|-1|-1|-1|-1|1|-|0|0|0|1|2|2|1|2|_|0|-1|-1|-1|-1|1|-1|0|-1|-1|-1|-1|-1|1|-1|-1|-1|-1|1|2|-1|-1|-1|-1|-1|-1|-1|1|,7,8,3,5-15-25-28-31-51-56-59-64-80-95-101-109-112-116-118-128-139-154-159-163-168-170,23,0.003763,0.003763,0.000000,0.000000,-8.000000,-27.044271,2,-1
69,|0|0|0|1|2|1|2|,|0|0|0|1|2|1|2|_|0|-1|-1|-1|1|-1|0|-1|-1|-1|-1|1|-1|-1|-1|1|-1|-1|-1|-1|2|-|0|0|0|1|2|1|2|_|0|-1|-1|-1|1|-1|0|-1|-1|-1|-1|1|-1|-1|-1|2|-1|-1|-1|-1|2|,|0|0|0|0|1|2|1|2|_|0|-1|-1|-1|-1|-1|-1|0|-1|-1|-1|1|-1|0|-1|-1|-1|-1|1|-1|-1|-1|1|-1|-1|-1|-1|2|-|0|0|0|1|2|2|1|2|_|0|-1|-1|-1|-1|1|-1|0|-1|-1|-1|-1|-1|1|-1|-1|-1|-1|1|2|-1|-1|-1|-1|-1|-1|-1|2|-|0|0|0|0|1|2|1|2|_|0|-1|-1|-1|-1|-1|-1|0|-1|-1|-1|1|-1|0|-1|-1|-1|-1|1|-1|-1|-1|2|-1|-1|-1|-1|2|,7,8,5,5-15-25-28-31-51-56-59-64-80-95-101-109-112-116-118-128-139-154-159-163-168-170,23,0.003763,0.003763,0.000000,0.000000,-8.000000,-27.044271,2,-1
70,|0|0|0|0|0|0|0|0|,|0|0|0|0|0|0|0|0|_|0|-1|-1|-1|-1|-1|-1|0|-1|-1|-1|-1|-1|0|-1|-1|-1|-1|0|-1|-1|-1|0|-1|-1|0|-1|1|,|0|0|0|0|0|0|0|0|_|0|-1|-1|-1|-1|-1|-1|0|-1|-1|-1|-1|-1|0|-1|-1|-1|-1|0|-1|-1|-1|0|-1|-1|0|-1|1|,8,8,1,3-12-15-22-29-30-35-42-45-50-51-54-57-58-66-70-73-79-81-84-85-90-98-100-103-106-107-111-117-120-124-127-133-136-147-151-152-164-173-181-183,41,0.057124,0.065870,0.018575,-0.470817,1.666667,19.406250,0,1
71,|0|0|0|0|0|0|0|0|,|0|0|0|0|0|0|0|0|_|0|-1|-1|-1|-1|-1|-1|0|-1|-1|-1|-1|-1|0|-1|-1|-1|-1|0|-1|-1|-1|0|-1|-1|0|0|-1|,|0|0|0|0|0|0|0|0|_|0|-1|-1|-1|-1|-1|-1|0|-1|-1|-1|-1|-1|0|-1|-1|-1|-1|0|-1|-1|-1|0|-1|-1|0|0|-1|,8,8,1,0-5-10-11-14-22-23-26-29-45-47-50-51-57-58-67-70-84-85-86-89-90-92-93-95-100-102-103-104-105-108-117-121-124-133-135-156-158-160-162-163-165-166-179-182-186,46,0.081994,0.068283,0.016724,0.819846,1.666667,14.291667,0,1
72,|0|0|0|0|0|0|0|0|,|0|0|0|0|0|0|0|0|_|0|-1|-1|-1|-1|-1|-1|0|-1|-1|-1|-1|-1|0|-1|-1|-1|-1|0|-1|-1|-1|0|-1|-1|0|1|-1|,|0|0|0|0|0|0|0|0|_|0|-1|-1|-1|-1|-1|-1|0|-1|-1|-1|-1|-1|0|-1|-1|-1|-1|0|-1|-1|-1|0|-1|-1|0|1|-1|,8,8,1,3-12-15-22-29-30-35-42-45-50-51-54-57-58-66-70-73-79-81-84-85-90-98-100-103-106-107-111-117-120-124-127-133-136-147-151-152-164-173-183,40,0.060661,0.065870,0.018575,-0.280419,1.666667,19.906250,0,1
73,|0|0|0|0|0|0|0|0|,|0|0|0|0|0|0|0|0|_|0|-1|-1|-1|-1|-1|-1|0|-1|-1|-1|-1|-1|0|-1|-1|-1|-1|0|-1|-1|-1|0|-1|1|0|-1|-1|,|0|0|0|0|0|0|0|0|_|0|-1|-1|-1|-1|-1|-1|0|-1|-1|-1|-1|-1|0|-1|-1|-1|-1|0|-1|-1|-1|0|-1|1|0|-1|-1|,8,8,1,3-12-15-22-29-30-35-42-45-50-51-54-57-58-66-70-73-79-81-84-85-90-98-100-103-106-107-111-117-120-124-127-133-136-147-151-152-164-173-183,40,0.060661,0.067660,0.016692,-0.419319,1.666667,16.677083,0,1
74,|0|0|0|0|0|0|0|0|,|0|0|0|0|0|0|0|0|_|0|-1|-1|-1|-1|-1|-1|0|-1|-1|-1|-1|-1|0|-1|-1|-1|-1|0|-1|-1|1|0|-1|-1|0|-1|-1|,|0|0|0|0|0|0|0|0|_|0|-1|-1|-1|-1|-1|-1|0|-1|-1|-1|-1|-1|0|-1|-1|-1|-1|0|-1|-1|1|0|-1|-1|0|-1|-1|,8,8,1,3-12-15-22-29-30-35-42-45-50-51-54-57-58-66-70-73-79-81-84-85-90-98-100-103-106-107-111-117-120-124-127-133-136-147-151-152-164-173-183,40,0.060661,0.067660,0.016692,-0.419319,1.666667,16.677083,0,1
75,|0|0|0|0|0|0|0|0|,|0|0|0|0|0|0|0|0|_|0|-1|-1|-1|-1|-1|-1|0|-1|-1|-1|-1|0|0|-1|-1|-1|-1|0|-1|-1|-1|0|-1|-1|1|-1|-1|,|0|0|0|0|0|0|0|0|_|0|-1|-1|-1|-1|-1|-1|0|-1|-1|-1|-1|0|0|-1|-1|-1|-1|0|-1|-1|-1|0|-1|-1|1|-1|-1|,8,8,1,3-12-15-22-29-30-35-42-45-50-51-54-57-58-66-70-73-79-81-84-85-90-98-100-103-106-107-111-117-120-124-127-133-136-147-151-152-164-173-183,40,0.060661,0.065870,0.018575,-0.280419,1.666667,19.406250,0,1
76,|0|0|0|0|0|0|0|0|,|0|0|0|0|0|0|0|0|_|0|-1|-1|-1|-1|-1|-1|0|-1|-1|-1|-1|0|0|-1|-1|-1|-1|0|-1|-1|-1|0|0|-1|-1|-1|-1|,|0|0|0|0|0|0|0|0|_|0|-1|-1|-1|-1|-1|-1|0|-1|-1|-1|-1|0|0|-1|-1|-1|-1|0|-1|-1|-1|0|0|-1|-1|-1|-1|,8,8,1,0-5-10-11-14-22-23-26-29-45-47-50-51-57-58-67-70-84-85-89-90-92-93-95-100-102-103-104-105-108-117-121-124-133-135-156-158-160-162-163-165-166-179-182-186,45,0.080212,0.068283,0.016724,0.713263,1.666667,14.291667,0,1
77,|0|0|0|0|0|0|0|0|,|0|0|0|0|0|0|0|0|_|0|-1|-1|-1|-1|-1|-1|0|-1|-1|-1|-1|0|0|-1|-1|0|-1|0|-1|-1|-1|1|-1|-1|-1|-1|-1|,|0|0|0|0|0|0|0|0|_|0|-1|-1|-1|-1|-1|-1|0|-1|-1|-1|-1|0|0|-1|-1|0|-1|0|-1|-1|-1|1|-1|-1|-1|-1|-1|,8,8,1,22-29-35-45-50-51-57-58-70-73-84-85-90-100-103-117-124-133,18,0.026766,0.026766,0.000000,0.000000,4.166667,22.984375,0,1
78,|0|0|0|0|0|0|0|0|,|0|0|0|0|0|0|0|0|_|0|-1|-1|-1|-1|-1|-1|0|-1|-1|-1|-1|0|0|-1|-1|0|-1|0|0|-1|-1|-1|-1|-1|-1|-1|-1|,|0|0|0|0|0|0|0|0|_|0|-1|-1|-1|-1|-1|-1|0|-1|-1|-1|-1|0|0|-1|-1|0|-1|0|0|-1|-1|-1|-1|-1|-1|-1|-1|,8,8,1,0-5-10-11-14-22-23-26-29-45-50-51-57-58-67-70-84-85-89-90-92-93-95-100-102-103-105-108-117-121-124-133-135-156-158-160-162-163-165-166-179-182-186,43,0.076647,0.068673,0.006338,1.258183,4.333333,18.812500,0,1
79,|0|0|0|0|0|0|0|0|,|0|0|0|0|0|0|0|0|_|0|-1|-1|-1|-1|-1|-1|0|-1|-1|-1|-1|1|0|-1|-1|-1|-1|0|-1|-1|-1|0|0|-1|-1|-1|-1|,|0|0|0|0|0|0|0|0|_|0|-1|-1|-1|-1|-1|-1|0|-1|-1|-1|-1|1|0|-1|-1|-1|-1|0|-1|-1|-1|0|0|-1|-1|-1|-1|,8,8,1,22-29-35-45-50-51-57-58-70-73-84-85-90-100-103-117-124-133,18,0.026766,0.067660,0.016692,-2.449937,1.666667,16.677083,0,1
80,|0|0|0|0|0|0|0|0|,|0|0|0|0|0|0|0|0|_|0|-1|-1|-1|-1|-1|-1|0|-1|-1|-1|-1|1|0|-1|-1|0|-1|0|0|-1|-1|-1|-1|-1|-1|-1|-1|,|0|0|0|0|0|0|0|0|_|0|-1|-1|-1|-1|-1|-1|0|-1|-1|-1|-1|1|0|-1|-1|0|-1|0|0|-1|-1|-1|-1|-1|-1|-1|-1|,8,8,1,3-12-15-22-29-30-42-45-50-51-54-57-58-66-70-73-79-81-84-85-90-98-100-103-106-107-111-117-120-124-127-133-136-147-151-152-164-173-183,39,0.064198,0.070999,0.003965,-1.715505,2.500000,16.338542,0,1
81,|0|0|0|0|0|0|0|0|,|0|0|0|0|0|0|0|0|_|0|-1|-1|-1|-1|-1|1|0|-1|-1|-1|-1|-1|0|-1|-1|-1|-1|0|-1|-1|-1|0|-1|-1|1|-1|-1|,|0|0|0|0|0|0|0|0|_|0|-1|-1|-1|-1|-1|1|0|-1|-1|-1|-1|-1|0|-1|-1|-1|-1|0|-1|-1|-1|0|-1|-1|1|-1|-1|,8,8,1,3-7-9-12-15-17-19-21-24-27-28-30-32-34-40-42-43-45-46-50-51-52-57-60-63-66-68-70-71-73-77-79-81-90-91-96-100-101-103-106-107-114-117-120-122-136-151-157-164-173-175-183,52,0.082051,0.052299,0.019734,1.507690,1.000000,6.114583,0,0
82,|0|0|0|0|0|0|0|1|,|0|0|0|0|0|0|0|1|_|0|-1|-1|-1|-1|-1|-1|0|-1|-1|-1|-1|-1|0|-1|-1|-1|-1|0|-1|-1|-1|0|-1|-1|0|-1|1|,|0|0|0|0|0|0|0|1|_|0|-1|-1|-1|-1|-1|-1|0|-1|-1|-1|-1|-1|0|-1|-1|-1|-1|0|-1|-1|-1|0|-1|-1|0|-1|1|,8,8,1,0-1-2-3-5-10-11-12-14-15-18-23-26-30-33-35-38-39-42-45-47-49-50-51-54-57-59-64-66-67-70-73-81-86-89-90-92-93-94-95-97-100-102-103-104-105-106-107-108-111-117-120-121-124-127-133-135-136-139-147-151-152-156-158-160-162-163-165-166-173-179-181-182-183-186,75,0.075175,0.056670,0.026497,0.698397,1.666667,11.067708,0,1
83,|0|0|0|0|0|0|0|1|,|0|0|0|0|0|0|0|1|_|0|-1|-1|-1|-1|-1|-1|0|-1|-1|-1|-1|-1|0|-1|-1|-1|-1|0|-1|-1|-1|0|-1|-1|0|1|-1|,|0|0|0|0|0|0|0|1|_|0|-1|-1|-1|-1|-1|-1|0|-1|-1|-1|-1|-1|0|-1|-1|-1|-1|0|-1|-1|-1|0|-1|-1|0|1|-1|,8,8,1,0-1-3-5-10-11-12-14-15-18-23-26-30-33-35-38-39-42-45-47-49-50-51-54-57-59-64-66-67-70-73-81-86-89-90-92-93-94-95-97-100-102-103-104-105-106-107-108-111-117-120-121-124-127-133-135-136-139-147-151-152-156-158-160-162-163-165-166-173-179-181-182-183-186,74,0.078712,0.056670,0.026497,0.831872,1.666667,11.067708,0,1
84,|0|0|0|0|0|0|0|1|,|0|0|0|0|0|0|0|1|_|0|-1|-1|-1|-1|-1|-1|0|-1|-1|-1|-1|-1|0|-1|-1|-1|-1|0|-1|-1|-1|0|-1|1|0|-1|-1|,|0|0|0|0|0|0|0|1|_|0|-1|-1|-1|-1|-1|-1|0|-1|-1|-1|-1|-1|0|-1|-1|-1|-1|0|-1|-1|-1|0|-1|1|0|-1|-1|,8,8,1,0-1-2-3-5-10-11-12-14-15-18-23-26-30-33-35-38-39-42-45-47-49-50-51-54-57-59-64-66-67-70-73-81-86-89-90-92-93-94-95-97-100-102-103-104-105-106-107-108-111-117-120-121-124-127-133-135-136-139-147-151-152-156-158-160-162-163-165-166-173-179-181-182-183-186,75,0.075175,0.056670,0.026497,0.698397,1.666667,11.067708,0,1
85,|0|0|0|0|0|0|0|1|,|0|0|0|0|0|0|0|1|_|0|-1|-1|-1|-1|-1|-1|0|-1|-1|-1|-1|-1|0|-1|-1|-1|-1|0|-1|-1|1|0|-1|-1|0|-1|-1|,|0|0|0|0|0|0|0|1|_|0|-1|-1|-1|-1|-1|-1|0|-1|-1|-1|-1|-1|0|-1|-1|-1|-1|0|-1|-1|1|0|-1|-1|0|-1|-1|,8,8,1,0-1-2-3-5-10-11-12-14-15-18-23-26-30-33-35-38-39-42-45-47-49-50-51-54-57-59-64-66-67-70-73-81-86-89-90-92-93-94-95-97-100-102-103-104-105-106-107-108-111-117-120-121-124-127-133-135-136-139-147-151-152-156-158-160-162-163-165-166-173-179-181-182-183-186,75,0.075175,0.056670,0.026497,0.698397,1.666667,11.067708,0,1
86,|0|0|0|0|0|0|0|1|,|0|0|0|0|0|0|0|1|_|0|-1|-1|-1|-1|-1|-1|0|-1|-1|-1|-1|-1|0|-1|-1|0|-1|0|0|-1|-1|-1|-1|-1|-1|-1|1|,|0|0|0|0|0|0|0|1|_|0|-1|-1|-1|-1|-1|-1|0|-1|-1|-1|-1|-1|0|-1|-1|0|-1|0|0|-1|-1|-1|-1|-1|-1|-1|1|,8,8,1,5-10-11-12-14-15-23-26-39-45-49-50-51-57-59-64-67-70-81-89-90-92-93-94-95-97-100-103-105-106-107-108-117-121-127-135-136-139-152-156-158-160-163-165-166-173-179-182-183,49,0.071384,0.068673,0.006338,0.427827,3.333333,15.817708,0,1
87,|0|0|0|0|0|0|0|1|,|0|0|0|0|0|0|0|1|_|0|-1|-1|-1|-1|-1|-1|0|-1|-1|-1|-1|1|0|-1|-1|0|-1|0|0|-1|-1|-1|-1|-1|-1|-1|-1|,|0|0|0|0|0|0|0|1|_|0|-1|-1|-1|-1|-1|-1|0|-1|-1|-1|-1|1|0|-1|-1|0|-1|0|0|-1|-1|-1|-1|-1|-1|-1|-1|,8,8,1,5-10-11-12-14-15-23-26-39-45-49-50-51-57-59-64-67-70-81-89-90-92-93-94-95-97-100-103-105-106-107-108-117-121-127-135-136-139-152-156-158-160-163-165-166-173-179-182-183,49,0.071384,0.072874,0.005539,-0.269041,3.666667,16.484375,0,1
88,|0|0|0|0|0|0|0|1|,|0|0|0|0|0|0|0|1|_|0|-1|-1|-1|-1|-1|1|0|-1|-1|-1|-1|-1|0|-1|-1|-1|-1|0|-1|-1|-1|0|-1|-1|1|-1|-1|,|0|0|0|0|0|0|0|1|_|0|-1|-1|-1|-1|-1|1|0|-1|-1|-1|-1|-1|0|-1|-1|-1|-1|0|-1|-1|-1|0|-1|-1|1|-1|-1|,8,8,1,3-6-12-15-28-30-31-35-45-50-51-54-56-57-66-68-69-70-72-73-76-79-81-90-100-101-103-106-107-109-111-113-116-117-118-120-122-124-127-131-133-136-147-152-155-170-173-181-183-185,50,0.014656,0.050297,0.028081,-1.269206,1.000000,2.994792,0,0
89,|0|0|0|0|0|0|0|1|,|0|0|0|0|0|0|0|1|_|0|-1|-1|-1|-1|-1|1|0|-1|-1|-1|-1|-1|0|-1|-1|-1|-1|0|-1|-1|-1|0|0|-1|-1|-1|-1|,|0|0|0|0|0|0|0|1|_|0|-1|-1|-1|-1|-1|1|0|-1|-1|-1|-1|-1|0|-1|-1|-1|-1|0|-1|-1|-1|0|0|-1|-1|-1|-1|,8,8,1,0-1-3-5-10-11-12-14-15-18-23-26-30-33-35-38-39-42-45-47-49-50-51-54-57-59-64-66-67-70-73-81-86-89-90-92-93-94-95-97-100-102-103-104-105-106-107-108-111-117-120-121-124-127-133-135-136-139-147-151-152-156-158-160-162-163-165-166-173-179-181-182-183-186,74,0.078712,0.056670,0.026497,0.831872,1.666667,11.067708,0,1
90,|0|0|0|0|0|0|0|1|,|0|0|0|0|0|0|0|1|_|0|-1|-1|-1|-1|-1|1|0|-1|-1|-1|-1|-1|0|-1|-1|-1|-1|0|-1|-1|-1|1|-1|-1|0|-1|-1|,|0|0|0|0|0|0|0|1|_|0|-1|-1|-1|-1|-1|1|0|-1|-1|-1|-1|-1|0|-1|-1|-1|-1|0|-1|-1|-1|1|-1|-1|0|-1|-1|,8,8,1,12-17-20-30-31-42-65-72-73-76-79-81-99-106-116-120-126-136-144-151-161-164-172-173-183,25,0.023285,0.040606,0.019653,-0.881313,1.000000,4.028646,0,0
91,|0|0|0|0|0|0|0|1|,|0|0|0|0|0|0|0|1|_|0|-1|-1|-1|-1|-1|1|0|-1|-1|-1|-1|-1|0|-1|-1|-1|-1|0|-1|-1|-1|1|-1|-1|1|-1|-1|,|0|0|0|0|0|0|0|1|_|0|-1|-1|-1|-1|-1|1|0|-1|-1|-1|-1|-1|0|-1|-1|-1|-1|0|-1|-1|-1|1|-1|-1|1|-1|-1|,8,8,1,7-9-19-21-24-27-28-32-34-40-43-46-50-51-52-60-63-68-69-71-91-96-100-101-124-133-157-175-185,29,0.041054,0.047465,0.014524,-0.441433,1.000000,4.445313,0,0
92,|0|0|0|0|0|0|0|1|,|0|0|0|0|0|0|0|1|_|0|-1|-1|-1|-1|-1|1|0|-1|-1|-1|-1|-1|0|-1|-1|-1|-1|0|-1|1|-1|1|-1|-1|-1|-1|-1|,|0|0|0|0|0|0|0|1|_|0|-1|-1|-1|-1|-1|1|0|-1|-1|-1|-1|-1|0|-1|-1|-1|-1|0|-1|1|-1|1|-1|-1|-1|-1|-1|,8,8,1,7-9-17-19-21-24-27-28-32-34-40-43-46-52-60-63-68-71-91-96-101-114-157-164-173-175,26,0.046344,0.050751,0.012287,-0.358606,2.666667,9.111979,0,0
93,|0|0|0|0|0|0|0|1|,|0|0|0|0|0|0|0|1|_|0|-1|-1|-1|-1|-1|1|0|-1|-1|-1|-1|-1|0|-1|-1|-1|-1|1|-1|-1|-1|0|-1|-1|1|-1|-1|,|0|0|0|0|0|0|0|1|_|0|-1|-1|-1|-1|-1|1|0|-1|-1|-1|-1|-1|0|-1|-1|-1|-1|1|-1|-1|-1|0|-1|-1|1|-1|-1|,8,8,1,7-9-12-15-19-21-24-27-28-32-34-40-43-46-52-60-63-68-71-77-81-91-96-101-106-107-122-136-157-173-183,31,0.044619,0.047148,0.007003,-0.361212,1.000000,2.195313,0,0
94,|0|0|0|0|0|0|0|1|,|0|0|0|0|0|0|0|1|_|0|-1|-1|-1|-1|-1|1|0|-1|-1|-1|-1|-1|0|-1|-1|1|-1|1|-1|-1|-1|0|-1|-1|-1|-1|-1|,|0|0|0|0|0|0|0|1|_|0|-1|-1|-1|-1|-1|1|0|-1|-1|-1|-1|-1|0|-1|-1|1|-1|1|-1|-1|-1|0|-1|-1|-1|-1|-1|,8,8,1,7-9-19-21-24-27-28-32-34-40-43-46-52-60-63-68-71-91-96-101-157-164-173,23,0.040997,0.047014,0.006399,-0.940240,1.833333,6.320312,0,0
95,|0|0|0|0|0|0|0|1|,|0|0|0|0|0|0|0|1|_|0|-1|-1|-1|-1|-1|1|0|-1|-1|-1|-1|-1|0|-1|1|-1|-1|1|-1|-1|-1|-1|-1|-1|1|-1|-1|,|0|0|0|0|0|0|0|1|_|0|-1|-1|-1|-1|-1|1|0|-1|-1|-1|-1|-1|0|-1|1|-1|-1|1|-1|-1|-1|-1|-1|-1|1|-1|-1|,8,8,1,7-9-19-21-24-27-28-32-34-40-43-46-50-51-52-60-63-68-70-71-91-96-101-103-157-175,26,0.046344,0.039809,0.005882,1.111168,1.833333,7.361979,0,0
96,|0|0|0|0|0|0|1|1|,|0|0|0|0|0|0|1|1|_|0|-1|-1|-1|-1|-1|1|0|-1|-1|-1|-1|-1|0|-1|-1|-1|-1|0|-1|-1|-1|0|-1|-1|1|-1|-1|,|0|0|0|0|0|0|1|1|_|0|-1|-1|-1|-1|-1|1|0|-1|-1|-1|-1|-1|0|-1|-1|-1|-1|0|-1|-1|-1|0|-1|-1|1|-1|-1|,8,8,1,5-11-12-16-30-31-49-50-70-81-94-95-106-112-120-126-128-136-138-159-160-161-166-172-179-180-182-184,28,0.012675,0.048495,0.030349,-1.180267,1.000000,-2.015625,0,0
97,|0|0|0|0|0|0|1|2|,|0|0|0|0|0|0|1|2|_|0|-1|-1|-1|-1|-1|-1|0|-1|-1|-1|1|-1|0|-1|-1|-1|-1|0|-1|-1|-1|1|-1|-1|-1|-1|1|,|0|0|0|0|0|0|1|2|_|0|-1|-1|-1|-1|-1|-1|0|-1|-1|-1|1|-1|0|-1|-1|-1|-1|0|-1|-1|-1|1|-1|-1|-1|-1|1|,8,8,1,3-6-7-9-12-15-17-19-20-21-24-27-28-30-31-32-34-36-37-40-43-46-50-51-52-56-60-63-66-68-70-71-74-77-81-83-87-91-96-101-103-106-107-109-110-111-113-114-116-118-120-122-126-127-130-136-144-145-147-152-155-157-161-164-170-172-173-175-178-183,70,0.055625,0.049193,0.027790,0.231448,1.000000,0.377604,0,0
98,|0|0|0|0|0|0|1|2|,|0|0|0|0|0|0|1|2|_|0|-1|-1|-1|-1|-1|-1|0|-1|-1|-1|1|-1|0|-1|-1|-1|-1|0|-1|-1|-1|1|-1|-1|-1|-1|2|,|0|0|0|0|0|0|1|2|_|0|-1|-1|-1|-1|-1|-1|0|-1|-1|-1|1|-1|0|-1|-1|-1|-1|0|-1|-1|-1|1|-1|-1|-1|-1|2|,8,8,1,3-6-7-9-12-15-17-19-20-21-24-27-28-30-31-32-34-36-37-40-43-46-50-51-52-56-60-63-66-68-70-71-74-77-81-83-87-91-96-101-103-106-107-109-110-111-113-114-116-118-120-122-126-127-130-136-144-145-147-152-155-157-161-164-170-172-173-175-178-183,70,0.055625,0.049193,0.027790,0.231448,1.000000,0.377604,0,0
99,|0|0|0|0|0|0|1|2|,|0|0|0|0|0|0|1|2|_|0|-1|-1|-1|-1|1|-1|0|-1|-1|-1|-1|-1|0|-1|-1|-1|-1|0|-1|-1|-1|1|-1|-1|-1|-1|1|,|0|0|0|0|0|0|1|2|_|0|-1|-1|-1|-1|1|-1|0|-1|-1|-1|-1|-1|0|-1|-1|-1|-1|0|-1|-1|-1|1|-1|-1|-1|-1|1|,8,8,1,7-9-12-17-19-20-21-24-27-28-30-31-32-34-40-42-43-46-50-51-52-60-63-65-68-69-71-73-76-79-81-91-96-99-100-101-106-114-116-120-124-126-133-136-151-157-161-164-172-173-175-183-185,53,0.067876,0.046982,0.028790,0.725746,1.000000,-0.622396,0,0
100,|0|0|0|0|0|0|1|2|,|0|0|0|0|0|0|1|2|_|0|-1|-1|-1|-1|1|-1|0|-1|-1|-1|-1|-1|0|-1|-1|-1|-1|0|-1|-1|-1|1|-1|-1|-1|-1|2|,|0|0|0|0|0|0|1|2|_|0|-1|-1|-1|-1|1|-1|0|-1|-1|-1|-1|-1|0|-1|-1|-1|-1|0|-1|-1|-1|1|-1|-1|-1|-1|2|,8,8,1,7-9-12-17-19-20-21-24-27-28-30-31-32-34-40-42-43-46-50-51-52-60-63-65-68-69-71-73-76-79-81-91-96-99-100-101-106-114-116-120-124-126-133-136-151-157-161-164-172-173-175-183-185,53,0.067876,0.046982,0.028790,0.725746,1.000000,-0.622396,0,0
101,|0|0|0|0|0|0|1|2|,|0|0|0|0|0|0|1|2|_|0|-1|-1|-1|-1|1|-1|0|-1|-1|-1|-1|-1|0|-1|-1|-1|-1|0|1|-1|-1|-1|-1|-1|-1|-1|1|,|0|0|0|0|0|0|1|2|_|0|-1|-1|-1|-1|1|-1|0|-1|-1|-1|-1|-1|0|-1|-1|-1|-1|0|1|-1|-1|-1|-1|-1|-1|-1|1|,8,8,1,3-6-7-9-12-15-17-19-20-21-24-27-28-30-31-32-34-36-37-40-43-46-50-51-52-56-60-63-66-68-70-71-74-77-81-83-87-91-96-101-103-106-107-109-110-111-113-114-116-118-120-122-126-127-130-136-144-145-147-152-155-157-161-164-170-172-173-175-178-183,70,0.055625,0.049193,0.027790,0.231448,1.000000,0.377604,0,0
102,|0|0|0|0|0|0|1|2|,|0|0|0|0|0|0|1|2|_|0|-1|-1|-1|-1|1|-1|0|-1|-1|-1|-1|-1|0|-1|-1|-1|-1|0|1|-1|-1|-1|-1|-1|-1|-1|2|,|0|0|0|0|0|0|1|2|_|0|-1|-1|-1|-1|1|-1|0|-1|-1|-1|-1|-1|0|-1|-1|-1|-1|0|1|-1|-1|-1|-1|-1|-1|-1|2|,8,8,1,3-6-7-9-12-15-17-19-20-21-24-27-28-30-31-32-34-36-37-40-43-46-50-51-52-56-60-63-66-68-70-71-74-77-81-83-87-91-96-101-103-106-107-109-110-111-113-114-116-118-120-122-126-127-130-136-144-145-147-152-155-157-161-164-170-172-173-175-178-183,70,0.055625,0.049193,0.027790,0.231448,1.000000,0.377604,0,0
103,|0|0|0|0|0|0|1|2|,|0|0|0|0|0|0|1|2|_|0|-1|-1|-1|-1|1|-1|0|-1|-1|-1|-1|-1|0|-1|-1|-1|-1|1|-1|-1|-1|0|-1|-1|-1|-1|1|,|0|0|0|0|0|0|1|2|_|0|-1|-1|-1|-1|1|-1|0|-1|-1|-1|-1|-1|0|-1|-1|-1|-1|1|-1|-1|-1|0|-1|-1|-1|-1|1|,8,8,1,3-6-7-9-12-15-19-20-21-24-27-28-30-31-32-34-37-40-43-46-52-56-60-63-66-68-71-74-77-81-91-96-101-106-107-109-113-116-118-120-122-126-136-144-145-157-161-164-170-172-173-183,52,0.055455,0.052378,0.005599,0.549497,1.000000,0.554688,0,0
104,|0|0|0|0|0|0|1|2|,|0|0|0|0|0|0|1|2|_|0|-1|-1|-1|-1|1|-1|0|-1|-1|-1|-1|-1|0|-1|-1|-1|-1|1|-1|-1|-1|0|-1|-1|-1|-1|2|,|0|0|0|0|0|0|1|2|_|0|-1|-1|-1|-1|1|-1|0|-1|-1|-1|-1|-1|0|-1|-1|-1|-1|1|-1|-1|-1|0|-1|-1|-1|-1|2|,8,8,1,3-6-7-9-12-15-19-20-21-24-27-28-30-31-32-34-37-40-43-46-52-56-60-63-66-68-71-74-77-81-91-96-101-106-107-109-113-116-118-120-122-126-136-144-145-157-161-164-170-172-173-183,52,0.055455,0.052378,0.005599,0.549497,1.000000,0.554688,0,0
105,|0|0|0|0|0|1|0|0|,|0|0|0|0|0|1|0|0|_|0|-1|-1|-1|-1|-1|-1|0|-1|-1|-1|-1|-1|0|-1|-1|0|-1|0|-1|-1|-1|1|-1|-1|-1|-1|0|,|0|0|0|0|0|1|0|0|_|0|-1|-1|-1|-1|-1|-1|0|-1|-1|-1|-1|-1|0|-1|-1|0|-1|0|-1|-1|-1|1|-1|-1|-1|-1|0|,8,8,1,0-1-3-5-10-11-12-14-15-18-23-26-30-33-35-38-39-42-45-47-49-50-51-54-57-59-64-66-67-70-73-81-86-89-90-92-93-94-95-100-102-103-104-105-106-107-108-111-117-120-121-124-127-133-135-136-139-147-151-152-156-158-160-162-163-165-166-173-179-181-182-183-186,73,0.082249,0.068513,0.016113,0.852474,3.166667,23.109375,0,1
106,|0|0|0|0|0|1|0|0|,|0|0|0|0|0|1|0|0|_|0|-1|-1|-1|-1|-1|-1|0|-1|-1|-1|-1|0|0|-1|-1|-1|-1|0|-1|0|-1|1|-1|-1|-1|-1|-1|,|0|0|0|0|0|1|0|0|_|0|-1|-1|-1|-1|-1|-1|0|-1|-1|-1|-1|0|0|-1|-1|-1|-1|0|-1|0|-1|1|-1|-1|-1|-1|-1|,8,8,1,5-10-11-14-23-26-45-50-51-57-67-70-89-90-92-93-95-100-103-105-108-117-121-135-156-158-160-163-165-166-179-182,32,0.057039,0.069114,0.007295,-1.655224,5.500000,15.872396,0,0
107,|0|0|0|0|0|1|0|0|,|0|0|0|0|0|1|0|0|_|0|-1|-1|-1|-1|-1|-1|0|-1|-1|-1|-1|1|0|-1|-1|1|-1|0|-1|-1|-1|1|-1|-1|-1|-1|-1|,|0|0|0|0|0|1|0|0|_|0|-1|-1|-1|-1|-1|-1|0|-1|-1|-1|-1|1|0|-1|-1|1|-1|0|-1|-1|-1|1|-1|-1|-1|-1|-1|,8,8,1,7-9-17-19-21-24-27-28-32-34-40-43-46-50-51-52-60-63-68-70-71-91-96-101-103-114-157-164-173-175,30,0.053474,0.050801,0.011578,0.230924,1.000000,4.783854,0,0
108,|0|0|0|0|0|1|2|1|,|0|0|0|0|0|1|2|1|_|0|-1|-1|-1|-1|-1|1|0|-1|-1|-1|-1|-1|0|-1|-1|-1|-1|0|-1|-1|-1|1|-1|-1|1|-1|-1|,|0|0|0|0|0|1|2|1|_|0|-1|-1|-1|-1|-1|1|0|-1|-1|-1|-1|-1|0|-1|-1|-1|-1|0|-1|-1|-1|1|-1|-1|1|-1|-1|,8,8,1,5-25-28-31-51-56-59-64-80-81-94-95-101-106-109-112-116-118-120-128-151-154-155-159-163-168-170-180,28,0.002037,0.048495,0.030349,-1.530805,-1.833333,-11.127604,0,0
109,|0|0|0|0|0|1|2|1|,|0|0|0|0|0|1|2|1|_|0|-1|-1|-1|-1|-1|1|0|-1|-1|-1|-1|-1|0|-1|-1|-1|-1|0|-1|-1|-1|1|-1|-1|2|-1|-1|,|0|0|0|0|0|1|2|1|_|0|-1|-1|-1|-1|-1|1|0|-1|-1|-1|-1|-1|0|-1|-1|-1|-1|0|-1|-1|-1|1|-1|-1|2|-1|-1|,8,8,1,5-25-28-31-51-56-59-64-80-81-94-95-101-106-109-112-116-118-120-128-151-154-155-159-163-168-170-180,28,0.002037,0.048495,0.030349,-1.530805,-1.833333,-11.127604,0,0
110,|0|0|0|0|1|2|1|2|,|0|0|0|0|1|2|1|2|_|0|-1|-1|-1|-1|-1|-1|0|-1|-1|-1|1|-1|0|-1|-1|-1|-1|1|-1|-1|-1|2|-1|-1|-1|-1|1|,|0|0|0|0|1|2|1|2|_|0|-1|-1|-1|-1|-1|-1|0|-1|-1|-1|1|-1|0|-1|-1|-1|-1|1|-1|-1|-1|2|-1|-1|-1|-1|1|,8,8,1,5-15-25-28-31-51-56-59-64-80-95-101-109-112-116-118-128-139-154-159-163-168-170,23,0.003763,0.003763,0.000000,0.000000,-5.166667,-31.335937,0,0
